"Species"	"P.value"	"Chi Squared"	"Number Of Communities Containing This Species"	"Abundance Increased In"	"Log2.Folds"	"Fdr P.value"
"Ruminococcus gnavus ATCC 29149"	"1.9e-07"	"27.18"	"731.00"	"Diabetis"	"1.00"	"6.4e-06"
"Granulicatella adiacens ATCC 49175"	"2.5e-07"	"26.59"	"519.00"	"Diabetis"	"1.00"	"7.9e-06"
"Clostridium celatum DSM 1785"	"1e-06"	"23.93"	"1358.00"	"Healthy"	"1.00"	"2e-05"
"Clostridium clostridioforme CM201"	"4e-06"	"21.27"	"611.00"	"Diabetis"	"1.00"	"4.6e-05"
"Streptococcus australis ATCC 700641"	"0.00011"	"14.88"	"844.00"	"Diabetis"	"1.00"	"0.00089"
"Streptococcus mitis NCTC 12261"	"0.00014"	"14.57"	"829.00"	"Diabetis"	"1.00"	"0.001"
"Ruminococcus torques ATCC 27756"	"0.00078"	"11.28"	"1416.00"	"Diabetis"	"1.00"	"0.0047"
"Streptococcus parasanguinis ATCC 903"	"0.0028"	"8.91"	"882.00"	"Diabetis"	"1.00"	"0.013"
"Lachnospiraceae bacterium sp 5 1 63FAA"	"0.0047"	"7.98"	"1808.00"	"Healthy"	"-0.58"	"0.02"
"Bacteroides vulgatus ATCC 8482"	"0.0054"	"7.75"	"1605.00"	"Diabetis"	"0.74"	"0.023"
"Eubacterium rectale ATCC 33656"	"0.008"	"7.02"	"1750.00"	"Healthy"	"-0.58"	"0.032"
