"Ecological Interaction Ratio"	"P.value"	"Estimate"
"Amensalism/Antagonism"	"0.057"	"-3.18"
"Amensalism/Competition"	"0.057"	"-4.95"
"Amensalism/Commensalism"	"0.095"	"1.21"
"Amensalism/Neutralism"	"0.6"	"-0.2"
"Amensalism/Mutualism"	"0.095"	"0.9"
"Antagonism/Competition"	"0.54"	"1.34"
"Antagonism/Commensalism"	"0.0097"	"2.55"
"Antagonism/Neutralism"	"0.86"	"-0.073"
"Antagonism/Mutualism"	"0.0097"	"1.94"
"Competition/Commensalism"	"0.016"	"2.05"
"Competition/Neutralism"	"0.86"	"-0.069"
"Competition/Mutualism"	"0.016"	"1.62"
"Commensalism/Neutralism"	"0.26"	"-0.88"
"Commensalism/Mutualism"	"0.55"	"0.74"
"Neutralism/Mutualism"	"0.12"	"1.15"
