"Ecological Interaction Ratio"	"P.value"	"Chi Squared"	"Increased In"	"Log2.Folds"	"Effect Size"	"Fdr P.value"
"Amensalism/Antagonism"	"0.00017"	"14.17"	"Healthy"	"-0.12"	"-0.5"	"0.00083"
"Amensalism/Competition"	"0.01"	"6.62"	"Healthy"	"-0.051"	"-0.3"	"0.022"
"Amensalism/Commensalism"	"0.39"	"0.75"	"Equal"	"0.0079"	"0.2"	"0.48"
"Amensalism/Neutralism"	"0.85"	"0.034"	"Equal"	"0.023"	"0.17"	"0.85"
"Amensalism/Mutualism"	"0.00091"	"11.00"	"Diabetis"	"0.091"	"0.39"	"0.0027"
"Antagonism/Competition"	"0.016"	"5.83"	"Diabetis"	"1.01"	"0.34"	"0.03"
"Antagonism/Commensalism"	"0.00088"	"11.07"	"Diabetis"	"0.11"	"0.45"	"0.0027"
"Antagonism/Neutralism"	"0.095"	"2.79"	"Equal"	"0.032"	"0.25"	"0.13"
"Antagonism/Mutualism"	"1.3e-08"	"32.41"	"Diabetis"	"0.17"	"0.62"	"1.9e-07"
"Competition/Commensalism"	"0.04"	"4.21"	"Equal"	"0.046"	"0.27"	"0.06"
"Competition/Neutralism"	"0.43"	"0.62"	"Equal"	"0.021"	"0.18"	"0.49"
"Competition/Mutualism"	"5.9e-05"	"16.13"	"Diabetis"	"0.15"	"0.48"	"0.00044"
"Commensalism/Neutralism"	"0.46"	"0.54"	"Equal"	"-0.046"	"-0.071"	"0.49"
"Commensalism/Mutualism"	"0.0027"	"8.98"	"Diabetis"	"0.57"	"0.32"	"0.0068"
"Neutralism/Mutualism"	"0.024"	"5.09"	"Diabetis"	"-0.4"	"0.28"	"0.04"
