"Model Seed ID"	"PValue_FDR"	"Number of communities with flux"	"LM estimate"	"Metabolites"	"Number of communities producing"	"Number of communities consuming"	"Flux direction"
"cpd00011"	0.00650082941852908	1866	-0.0313243910161465	"CO2"	0	1866	"Community to Host"
"cpd00211"	0.00650082941852908	1863	-0.0991083088231787	"Butyrate"	0	1863	"Community to Host"
"cpd00036"	0.021275328433756	1866	0.016394813067844	"Succinate"	0	1866	"Community to Host"
"cpd00067"	0.0392707669690753	1866	0.0171405032495438	"H+"	0	1866	"Community to Host"
"cpd01663"	0.0452155544800915	1020	16.1864724260038	"chenodeoxycholate"	0	1020	"Community to Host"
"cpd00393"	0.00248184250236914	1865	-22.1928697418378	"Folate"	1865	0	"Diet to Community"
"cpd00027"	0.00868895809294525	25	0.647334321471427	"D-Glucose"	23	2	"Diet to Community"
"cpd00264"	0.0282935543225293	1866	-26.2328802129041	"Spermidine"	1866	0	"Diet to Community"
"cpd00182"	0.0338336642752718	1866	-7.37614944623409	"Adenosine"	1866	0	"Diet to Community"
"cpd00249"	0.0338336642752718	1866	-7.37614944623409	"Uridine"	1866	0	"Diet to Community"
"cpd00277"	0.0338336642752718	1866	-6.45745914995128	"Deoxyguanosine"	1866	0	"Diet to Community"
"cpd00300"	0.0338336642752718	1865	-0.958846403743161	"urate"	1865	0	"Diet to Community"
"cpd00311"	0.0338336642752718	1866	-6.45745914995128	"Guanosine"	1866	0	"Diet to Community"
"cpd00367"	0.0338336642752718	1866	-6.45745914995128	"Cytidine"	1866	0	"Diet to Community"
"cpd00438"	0.0338336642752718	1866	-7.37614944623409	"Deoxyadenosine"	1866	0	"Diet to Community"
"cpd00226"	0.0346835538452281	1866	-3.05117822636738	"HYXN"	1865	1	"Diet to Community"
"cpd00122"	0.0347095981959481	1866	-0.251058990405046	"N-Acetyl-D-glucosamine"	1866	0	"Diet to Community"
"cpd00208"	0.030209831999656	1197	49.0194287171479	"LACT"	1197	0	"Diet to Community"
"cpd00751"	0.0307281283575183	1	681.382843374024	"L-Fucose"	1	0	"Diet to Community"
"cpd00053"	0.0454224498940948	1866	7.83087841604269	"L-Glutamine"	1866	0	"Diet to Community"
"cpd00393"	0.00248184250236914	195	21.0997509306333	"Folate"	0	195	"Within Community"
"cpd00126"	0.00868895809294525	1863	0.885276684873919	"GMP"	0	1863	"Within Community"
"cpd11451"	0.00868895809294525	1622	0.0888599163025881	"mql7"	0	1622	"Within Community"
"cpd11606"	0.00868895809294525	1622	0.0888599163025881	"Menaquinone 7"	0	1622	"Within Community"
"cpd00064"	0.0138647776882536	1836	1.79018234802985	"Ornithine"	0	1836	"Within Community"
"cpd00438"	0.021275328433756	1721	2.729009845843	"Deoxyadenosine"	0	1721	"Within Community"
"cpd00118"	0.0321638758175562	443	28.606131308722	"Putrescine"	0	443	"Within Community"
"cpd00039"	0.0338336642752718	146	3.82159129332535	"L-Lysine"	0	146	"Within Community"
"cpd00453"	0.0349139276502578	8	7.09250711855121	"1,2-Propanediol"	0	8	"Within Community"
"cpd00264"	0.048609553766131	396	10.813068728703	"Spermidine"	0	396	"Within Community"
"cpd00221"	0.0347113826542716	41	16.8368255898914	"D-Lactate"	0	41	"Within Community"
"cpd00108"	0.0454224498940948	18	23.8498105800157	"Galactose"	0	18	"Within Community"
