"Model Seed reaction ID"	"Pvalue with FDR"	"Number of communities with the reaction"	"LM estimate"	"Reaction"
"rxn00512_c0"	6.19775866890111e-05	1846	1290.75163648593	"Glycolate:NAD+ oxidoreductase"
"rxn00979_c0"	9.07153234981835e-05	1855	1084.35988287971	"glycolaldehyde:NAD+ oxidoreductase"
"rxn00789_c0"	0.000171793368366303	1852	323.780960867088	"1-(5-phospho-D-ribosyl)-ATP:diphosphate phospho-alpha-D-ribosyl-transferase"
"rxn00859_c0"	0.000171793368366303	1852	332.058014595246	"L-Histidinol:NAD+ oxidoreductase"
"rxn02160_c0"	0.000171793368366303	1852	323.780960867088	"L-Histidinol-phosphate phosphohydrolase"
"rxn02320_c0"	0.000171793368366303	1852	323.780960867088	"5-Amino-2-oxopentanoate:2-oxoglutarate aminotransferase"
"rxn02473_c0"	0.000171793368366303	1852	323.780960867088	"D-erythro-1-(Imidazol-4-yl)glycerol 3-phosphate hydro-lyase"
"rxn02834_c0"	0.000171793368366303	1852	323.780960867088	"Phosphoribosyl-ATP pyrophosphohydrolase"
"rxn02835_c0"	0.000171793368366303	1852	323.780960867088	"1-(5-phospho-D-ribosyl)-AMP 1,6-hydrolase"
"rxn03135_c0"	0.000171793368366303	1852	323.780960867088	"R04558"
"rxn03175_c0"	0.000171793368366303	1852	323.780960867088	"N-(5'-Phospho-D-ribosylformimino)-5-amino-1- (5''-phospho-D-ribosyl)-4-imidazolecarboxamide ketol-isomerase"
"rxn15493_c0"	0.000286057482479233	1864	3.19226161769467	"ATP:D-fructose-6-phosphate 1-phosphotransferase"
"rxn90071_c0"	0.000288751792337011	1866	735.390388202469	"methylene tetrahydrofolate reductase (bifurcating)"
"rxn05298_c0"	0.000326102429291436	1865	3.47952041767116	"Na+/glutamate symport"
"rxn15249_c0"	0.000326102429291436	1653	16.1950521597902	"ATP:alpha-D-glucose 6-phosphotransferase"
"rxn31312_c0"	0.000406737567004242	1854	2.21218030752901	"2-oxoglutarate synthase"
"rxn00272_c0"	0.000439180379838923	1854	53.2129471502624	"L-Alanine:glyoxylate aminotransferase"
"rxn15081_c0"	0.000480469285374407	1846	4.66826723630473	"ATP:D-fructose 6-phosphotransferase"
"rxn00842_c0"	0.000552186124527774	957	24.7997869343702	"dATP:D-fructose 6-phosphotransferase"
"rxn10098_c0"	0.000562639911684355	1861	399.982269567398	"Fatty acid biosynthesis (n-C12:0)"
"rxn00656_c0"	0.000700134393613926	1859	19.3663565319343	"L-Alanine:3-oxopropanoate aminotransferase"
"rxn90036_c0"	0.000834310514148484	1800	75.4668016705978	"alpha or beta glcosidase (acting on maltohexose)"
"rxn90037_c0"	0.000834310514148484	1801	75.5306678229461	"alpha or beta glcosidase (acting on maltoundecaose)"
"rxn90044_c0"	0.000834310514148484	1801	75.5306678229461	"Pullulanase (exo, acting on n19-Starch with 3 alpha1-4 bonds)"
"rxn08173_c0"	0.0008364820151884	1864	0.991375245969089	"F(1)-ATPase"
"rxn90033_c0"	0.0008364820151884	1802	74.7442587048152	"beta-amylase (exo, acting on 4 maltose residues at non-reducing end)"
"rxn02200_c0"	0.000907883608292	1857	869.925068673238	"2-amino-4-hydroxy-6-hydroxymethyl-7,8-dihydropteridine:4-aminobenzoate 2-amino-4-hydroxydihydropteridine-6-methenyltransferase"
"rxn00278_c0"	0.000952223982329637	1818	42.0304130043145	"L-Alanine:NAD+ oxidoreductase (deaminating)"
"rxn01603_c0"	0.000952223982329637	1863	671.789967548486	"7,8-dihydropteroate:L-glutamate ligase (ADP-forming)"
"rxn11268_c0"	0.00103213024666724	1864	9.02198370021142	"phosphate ABC transporter permease protein"
"rxn00299_c0"	0.00110316569031276	1863	657.096263794508	"GTP 7,8-8,9-dihydrolase"
"rxn02504_c0"	0.00110316569031276	1858	844.652837188398	"2-amino-4-hydroxy-6-(D-erythro-1,2,3-trihydroxypropyl)-7,8-dihydropteridine glycolaldehyde-lyase"
"rxn03167_c0"	0.00110316569031276	1863	660.285794347	"2-Amino-4-hydroxy-6-(erythro-1,2,3-trihydroxypropyl) dihydropteridine triphosphate phosphohydrolase (alkaline optimum)"
"rxn05465_c0"	0.00110316569031276	1866	45.2678775895766	"Malonyl-CoA:[acyl-carrier-protein] S-malonyltransferase"
"rxn15116_c0"	0.00110316569031276	1866	2.05578208054396	"beta-D-fructose-1,6-bisphosphate D-glyceraldehyde-3-phosphate-lyase (glycerone-phosphate-forming)"
"rxn01028_c0"	0.00139083913731892	1555	256.74016950256	"5,6-Dihydrothymine:NADP+ oxidoreductase"
"rxn01145_c0"	0.00139083913731892	1386	249.891979836236	"Thymidylate 5'-phosphohydrolase"
"rxn01146_c0"	0.00139083913731892	1558	256.549737109985	"thymidine:phosphate deoxy-alpha-D-ribosyltransferase"
"rxn01368_c0"	0.00139083913731892	1796	467.174474707602	"Cytidine aminohydrolase"
"rxn02190_c0"	0.00139083913731892	1558	256.549737109985	"5,6-Dihydrothymine amidohydrolase"
"rxn02424_c0"	0.00139083913731892	1502	254.05288244583	"3-Oxopropanoate:NAD+ oxidoreductase (decarboxylating, CoA-acetylating)"
"rxn11258_c0"	0.00139083913731892	1861	1174.70737373257	"para-aminobenzoate synthetase component II"
"rxn15490_c0"	0.00139083913731892	1558	256.549737109985	"3-Ureidoisobutyrate amidohydrolase"
"rxn00102_c0"	0.00160623770419505	1836	31.6866887205611	"carbonate hydro-lyase (carbon-dioxide-forming)"
"rxn12529_c0"	0.00169148684069222	1092	462.056432673207	"TRANS-RXNAVI-26524.ce.brachyexp.GLYCEROL_GLYCEROL"
"rxn00840_c0"	0.00177535061229944	1866	11.0881771694008	"dATP:pyruvate 2-O-phosphotransferase"
"rxn05654_c0"	0.00177535061229944	1866	0.491631927202774	"Transport of succinate, extracellular"
"rxn05635_c0"	0.00178974399547698	1850	8.265039844653	"TRANS-RXNAVI-12493.ce"
"rxn01301_c0"	0.00180340027116528	1851	94.4005893671947	"L-Homoserine:NAD+ oxidoreductase"
"rxn05466_c0"	0.00180340027116528	1510	2.05028314022399	"TRANS-RXN-173.ce"
"rxn05608_c0"	0.00180340027116528	879	108.650048295998	"ATP phosphohydrolase (disaccharide-importing)"
"rxn05746_c0"	0.00180340027116528	879	108.650048295998	"Maltodextrin glucosidase (maltotriose)"
"rxn13251_c0"	0.00180340027116528	1851	111.971501919093	"Fumarate dependent DHORD"
"rxn90016_c0"	0.00180340027116528	1864	701.008675559297	"Anaerobic Uridine desoxribonucleotide-triphosphate reductase"
"rxn90075_c0"	0.00180340027116528	949	97.3114088375618	"3-alpha hydroxysteroid dehydrogenase, NAD+ dependent"
"rxn90076_c0"	0.00180340027116528	949	97.3114088375617	"3-beta hydroxysteroid dehydrogenase, NAD+ dependent"
"rxn06076_c0"	0.00181259663283072	1857	213.709660355609	"2'-Deoxycytidine diphosphate:oxidized-thioredoxin 2'-oxidoreductase"
"rxn01304_c0"	0.00201380837805162	1576	241.840732812602	"Succinyl-CoA:L-homoserine O-succinyltransferase"
"rxn00740_c0"	0.00203215255616376	1820	335.395553004142	"O-Succinyl-L-homoserine succinate-lyase (deaminating; 2-oxobutanoate-forming)"
"rxn01520_c0"	0.00226666712193369	1866	152.287720295774	"5,10-Methylenetetrahydrofolate:dUMP C-methyltransferase"
"rxn01219_c0"	0.00227984391113976	1866	190.788772446443	"ATP:dCMP phosphotransferase"
"rxn01217_c0"	0.00239846421416223	1866	182.156070355302	"dCMP aminohydrolase"
"rxn05153_c0"	0.00239846421416223	1866	253.803253054111	"sulfate-transporting ATPase"
"rxn08392_c0"	0.00239846421416223	795	29.0473115116728	"trans hexadecenoyl-[acp] reductase"
"rxn08393_c0"	0.00239846421416223	795	29.0473115116728	"trans hexadecenoyl-[acp] reductase (NADPH, B-specific)"
"rxn08766_c0"	0.00247380266408559	1860	345.722939151533	"FabH"
"rxn00285_c0"	0.00294714382151759	1866	1.40910453511221	"Succinate:CoA ligase (ADP-forming)"
"rxn01303_c0"	0.00299326186376934	1834	228.182758760395	"Acetyl-CoA:L-homoserine O-acetyltransferase"
"rxn05244_c0"	0.00304474345905033	1854	67.7965347726504	"TRANS-RXNBWI-115637.ce.maizeexp.ILE_ILE"
"rxn00830_c0"	0.00352044947959825	1861	1202.15820518074	"Isopentenyl-diphosphate delta3-delta2-isomerase"
"rxn01207_c0"	0.00352044947959825	1866	36.3040095328229	"4-methyl-2-oxopentanoate:NAD+ oxidoreductase (CoA-mehtylpropanoylating)"
"rxn05165_c0"	0.00357970052612189	1864	95.0232434974601	"nonpolar-amino-acid-transporting ATPase"
"rxn10785_c0"	0.00360039756337458	1866	729.785861216294	"(2E,6E)-farnesyl-diphosphate:isopentenyl-diphosphate farnesyltranstransferase (adding 7 isopentenyl units)"
"rxn00022_c0"	0.00363843145646222	1859	3.7053228656866	"maltose glucohydrolase"
"rxn00952_c0"	0.00370737149339391	1830	327.422632660924	"O-acetyl-L-homoserine:hydrogen sulfide S-(3-amino-3-carboxypropyl)transferase"
"rxn00420_c0"	0.00378647801264156	1858	89.5404952192608	"O-phospho-L-serine phosphohydrolase"
"rxn01517_c0"	0.00410214106974101	1866	460.854345128114	"ATP:dUMP phosphotransferase"
"rxn00260_c0"	0.00416291803811163	1866	1.31291304385772	"L-Aspartate:2-oxoglutarate aminotransferase"
"rxn05347_c0"	0.00438523387577618	1617	807.333108654661	"Acyl-[acyl-carrier-protein]:malonyl-[acyl-carrier-protein] C-acyltransferase (decarboxylating)"
"rxn05349_c0"	0.00438523387577618	1617	807.333108654661	"acetyl-CoA:[acyl-carrier-protein] S-acetyltransferase"
"rxn33674_c0"	0.00438523387577618	1866	705.623205865062	"Di-trans-poly-cis-decaprenylcistransferase"
"rxn00676_c0"	0.00459916870690317	1833	370.328874440135	"acetyl-CoA:propanoyl-CoA 2-C-acetyltransferase"
"rxn02000_c0"	0.00459916870690317	1862	727.048895125718	"dTDP-4-dehydro-6-deoxy-D-glucose 3,5-epimerase"
"rxn02003_c0"	0.00459916870690317	1862	727.048895125718	"dTDP-6-deoxy-L-mannose:NADP+ 4-oxidoreductase"
"rxn00347_c0"	0.00531165720415287	1866	1.4956497936973	"L-Aspartate ammonia-lyase"
"rxn01257_c0"	0.00531165720415287	1734	987.401417977101	"chorismate:L-glutamine aminotransferase"
"rxn03841_c0"	0.00531165720415287	1734	985.667109874745	"4-amino-4-deoxychorismate pyruvate-lyase"
"rxn08528_c0"	0.00531165720415287	1857	0.549042408308177	"fumarate reductase"
"rxn10124_c0"	0.00531165720415287	1857	0.549738433692028	"NADH dehydrogenase (demethylmenaquinone-8 & 2.8 protons)"
"rxn00949_c0"	0.00541810376894318	1866	747.023055052812	"L-homocysteine hydrogen-sulfide-lyase (deaminating; 2-oxobutanoate-forming)"
"rxn00533_c0"	0.00581707188625293	1830	29.4852303768021	"Acetyl-CoA:carbon-dioxide ligase (ADP-forming)"
"rxn08756_c0"	0.00581707188625293	1866	59.7960410001789	"isopentenyl-diphosphate:NAD+ oxidoreductase"
"rxn00799_c0"	0.00617173499908993	1866	0.909697231147945	"(S)-malate hydro-lyase (fumarate-forming)"
"rxn01709_c0"	0.00617173499908993	1185	28.2112969861624	"propane-1,2-diol hydro-lyase"
"rxn05342_c0"	0.00646809089992409	1866	141.342673890273	"(3R)-3-Hydroxytetradecanoyl-[acyl-carrier-protein]:NADP+ oxidoreductase"
"rxn05345_c0"	0.00646809089992409	1866	141.342673890273	"dodecanoyl-[acyl-carrier-protein]:malonyl-[acyl-carrier-protein] C-acyltransferase (decarboxylating)"
"rxn00247_c0"	0.00647229369415717	1866	0.526102176084401	"ATP:oxaloacetate carboxy-lyase (transphosphorylating;phosphoenolpyruvate-forming)"
"rxn07575_c0"	0.00683620696331695	1811	298.007893728861	"R07761"
"rxn08455_c0"	0.00683620696331695	1834	296.90067266979	"fatty-acid-CoA ligase (octadecenoate transport via vectoral Co-A coupling)"
"rxn09038_c0"	0.00683620696331695	1834	296.90067266979	"Octadecenoyl-coa cis-trans isomerization"
"rxn00532_c0"	0.00688149049243691	1866	8.4347244841866	"3-oxopropanoate:NADP+ oxidoreductase (CoA-malonylating)"
"rxn00551_c0"	0.00775241461443466	1151	30.8916989081924	"diphosphate:D-fructose-6-phosphate 1-phosphotransferase"
"rxn01675_c0"	0.00775241461443466	1866	604.271694313626	"dTTP:alpha-D-glucose-1-phosphate thymidylyltransferase"
"rxn15002_c0"	0.00775241461443466	1066	24.4835202084489	"R06103"
"rxn00214_c0"	0.0079866053783923	1635	59.3615220982596	"UDP-glucose 4-epimerase"
"rxn02284_c0"	0.0079866053783923	1866	561.562727760911	"UDP-N-acetylmuramate:NADP+ oxidoreductase"
"rxn00543_c0"	0.00840984080602038	1829	9.12437325114902	"ethanol:NAD+ oxidoreductase"
"rxn05638_c0"	0.00840984080602038	1866	44.9221840912942	"TRANS-RXNBWI-115637.ce.maizeexp.PRO_PRO"
"rxn00693_c0"	0.00855482451680726	1866	171.845425990102	"5-Methyltetrahydrofolate:L-homocysteine S-methyltransferase"
"rxn00763_c0"	0.00855482451680726	1860	5.23994711151213	"Glycerol:NAD+ oxidoreductase"
"rxn00770_c0"	0.00855482451680726	1866	10.2560416401925	"ATP:D-ribose-5-phosphate diphosphotransferase"
"rxn00851_c0"	0.00855482451680726	1866	545.441723713927	"D-alanine:D-alanine ligase (ADP-forming)"
"rxn01117_c0"	0.00855482451680726	1862	206.965139113659	"D-arabinose-5-phosphate aldose-ketose-isomerase"
"rxn01997_c0"	0.00855482451680726	1866	562.283680744001	"dTDPglucose 4,6-hydro-lyase"
"rxn02331_c0"	0.00855482451680726	1862	206.965139113659	"phosphoenolpyruvate:D-arabinose-5-phosphate C-(1-carboxyvinyl)transferase (phosphate-hydrolysing, 2-carboxy-2-oxoethyl-forming)"
"rxn02404_c0"	0.00855482451680726	1862	206.965139113659	"3-Deoxy-D-manno-octulosonate-8-phosphate 8-phosphohydrolase"
"rxn02405_c0"	0.00855482451680726	1866	187.427893581334	"CTP:3-deoxy-D-manno-octulosonate cytidylyltransferase"
"rxn02933_c0"	0.00855482451680726	1793	349.344826513963	"(2S,3S)-3-hydroxy-2-methylbutanoyl-CoA:NAD+ oxidoreductase"
"rxn02934_c0"	0.00855482451680726	1789	344.239929126176	"(2S,3S)-3-Hydroxy-2-methylbutanoyl-CoA hydro-liase"
"rxn03130_c0"	0.00855482451680726	1866	562.283680744001	"UDP-2,3-bis[(3R)-3-hydroxymyristoyl]-alpha-D-glucosamine 2,3-bis[(3R)-3-hydroxymyristoyl]-beta-D-glucosaminyl 1-phosphate phosphohydrolase"
"rxn03146_c0"	0.00855482451680726	1866	281.141840372	"UDP-3-O-[(3R)-3-hydroxymyristoyl]-N-acetylglucosamine amidohydrolase"
"rxn03159_c0"	0.00855482451680726	1866	562.283680744001	"UDP-2,3-bis(3-hydroxytetradecanoyl)glucosamine:2,3-bis-(3-hydroxytetradecanoyl)-alpha-D-glucosaminyl-1-phosphate 2,3-bis(3-hydroxytetradecanoyl)-glucosaminyltransferase"
"rxn03181_c0"	0.00855482451680726	1866	562.283680744001	"ATP:2,3,2',3'-tetrakis(3-hydroxytetradecanoyl)-D-glucosaminyl-beta-D-1,6-glucosaminyl-alpha-phosphate 4-O'-phosphotransferase"
"rxn03182_c0"	0.00855482451680726	1866	562.283680744001	"CMP-3-deoxy-D-manno-oct-2-ulosonate:lipid IVA 3-deoxy-D-manno-oct-2-ulosonate transferase"
"rxn03439_c0"	0.00855482451680726	1866	562.283680744001	"CMP-3-deoxy-D-manno-oct-2-ulosonate:(KDO)-lipid IVA 3-deoxy-D-manno-oct-2-ulosonate transferase"
"rxn03511_c0"	0.00855482451680726	1866	140.570920186	"ADP-D-glycero-D-manno-heptose 6-epimerase"
"rxn03916_c0"	0.00855482451680726	1866	140.570920186	"ATP:D-glycero-beta-D-manno-heptose 1-phosphate adenylyltransferase"
"rxn03917_c0"	0.00855482451680726	1866	140.570920186	"D-glycero-beta-D-manno-heptose-7-phosphate aldose-ketose-isomerase"
"rxn03918_c0"	0.00855482451680726	1866	140.570920186	"ATP:D-glycero-beta-D-manno-heptose 7-phosphate 1-phosphotransferase"
"rxn03919_c0"	0.00855482451680726	1866	140.570920186	"D-glycero-beta-D-manno-heptose 1,7-bisphosphate 7-phosphohydrolase"
"rxn06723_c0"	0.00855482451680726	1866	281.141840372	"(3R)-3-hydroxymyristoyl-[acyl-carrier protein]:UDP-3-O-[(3R)-3-hydroxymyristoyl]-alpha-D-glucosamine N-acetyltransferase"
"rxn06729_c0"	0.00855482451680726	1866	281.141840372	"(R)-3-Hydroxytetradecanoly-[acyl-carrier-protein]:UDP-N-acetyl-glucosamine 3-O-(3-hydroxytetradecanoyl)transferase"
"rxn06848_c0"	0.00855482451680726	1866	562.283680744001	"R05075"
"rxn06865_c0"	0.00855482451680726	1866	562.283680744001	"R05146"
"rxn08583_c0"	0.00855482451680726	1866	562.283680744001	"galactosyltransferase I (LPS core synthesis)"
"rxn08618_c0"	0.00855482451680726	1866	562.283680744001	"glucosyltransferase I (LPS core synthesis)"
"rxn08619_c0"	0.00855482451680726	1866	562.283680744001	"glucosyltransferase II (LPS core synthesis)"
"rxn08620_c0"	0.00855482451680726	1866	562.283680744001	"glucosyltransferase III (LPS core synthesis)"
"rxn08708_c0"	0.00855482451680726	1866	562.283680744001	"LPS heptose kinase I (LPS core synthesis)"
"rxn08709_c0"	0.00855482451680726	1866	562.283680744001	"LPS heptose kinase II (LPS core synthesis)"
"rxn08710_c0"	0.00855482451680726	1866	562.283680744001	"RXN0-5118.c"
"rxn08711_c0"	0.00855482451680726	1866	562.283680744001	"RXN0-5061.c"
"rxn08712_c0"	0.00855482451680726	1866	562.283680744001	"heptosyltransferase III (LPS core synthesis)"
"rxn08713_c0"	0.00855482451680726	1866	562.283680744001	"heptosyltransferase IV (LPS core synthesis)"
"rxn08954_c0"	0.00855482451680726	1866	562.283680744001	"3-deoxy-D-manno-octulosonic acid transferase III (LPS core biosynthesis)"
"rxn09225_c0"	0.00855482451680726	1866	562.283680744001	"rhamnosyltransferase I (LPS core biosynthesis)"
"rxn12554_c0"	0.00855482451680726	1524	48.5712556145934	"Taurine transport via proton symport"
"rxn15011_c0"	0.00855482451680726	981	97.7829404148898	"maltose glucohydrolase"
"rxn15226_c0"	0.00855482451680726	982	97.8117307776386	"Maltose alpha-D-glucosylmutase"
"rxn16350_c0"	0.00855482451680726	1805	8.76536998782299	"hydrogen:NAD+, ferredoxin oxidoreductase"
"rxn00872_c0"	0.00862664331549841	1655	50.9382228618381	"Butanoyl-CoA:oxygen 2-oxidoreductase"
"rxn00902_c0"	0.00881724938894511	1866	14.7933833507161	"acetyl-CoA:3-methyl-2-oxobutanoate C-acetyltransferase (thioester-hydrolysing, carboxymethyl-forming)"
"rxn11245_c0"	0.00881724938894511	1866	14.7960968556679	"RXN-13158.c"
"rxn12193_c0"	0.00881724938894511	1866	14.7960968556679	"3-isopropylmalate dehydratase"
"rxn00410_c0"	0.00891947443863147	1866	25.5247029246384	"UTP:ammonia ligase (ADP-forming)"
"rxn05957_c0"	0.00969772156146793	1853	216.205471564657	"O4-succinyl-L-homoserine:hydrogen sulfide S-(3-amino-3-carboxypropyl)transferase"
"rxn00744_c0"	0.00970638744549742	1635	37.6957393270438	"ATP:glycerone phosphotransferase"
"rxn00248_c0"	0.00981187523798555	1862	0.775367301734915	"(S)-malate:NAD+ oxidoreductase"
"rxn00499_c0"	0.0102875535759034	1848	1.22242859100013	"(S)-Lactate:NAD+ oxidoreductase"
"rxn00897_c0"	0.0103361095938059	1842	101.34448306033	"N-acetyl-D-glucosamine 2-epimerase"
"rxn05297_c0"	0.0104552225166783	1866	2.27430671562126	"TRANS-RXNBWI-115637.ce.maizeexp.GLT_GLT"
"rxn02302_c0"	0.0104554775808208	899	547.119494038678	"O-Acetyl-L-homoserine succinate-lyase (adding cysteine)"
"rxn02015_c0"	0.0105402221909434	1291	93.0433162635798	"Taurocholate amidohydrolase"
"rxn00892_c0"	0.0105703922490867	1837	100.622656843311	"ATP:N-acetyl-D-glucosamine 6-phosphotransferase"
"rxn05602_c0"	0.0106281059533362	1841	1.22799025300114	"L-lactate reversible transport via proton symport"
"rxn00461_c0"	0.0107545275695209	1866	465.095533121042	"Phosphoenolpyruvate:UDP-N-acetyl-D-glucosamine 1-carboxyvinyl-transferase"
"rxn01637_c0"	0.0107545275695209	1009	706.607363235519	"N2-Acetyl-L-ornithine:2-oxoglutarate aminotransferase"
"rxn01917_c0"	0.0107545275695209	1009	706.607363235519	"ATP:N-acetyl-L-glutamate 5-phosphotransferase"
"rxn02008_c0"	0.0107545275695209	1866	465.095533121042	"UDP-N-acetylmuramoyl-L-alanine:D-glutamate ligase(ADP-forming)"
"rxn02011_c0"	0.0107545275695209	1866	465.095533121042	"UDP-N-acetylmuramoyl-L-alanyl-D-glutamate:(L)-meso-2,6-diaminoheptanedioate gamma-ligase (ADP-forming)"
"rxn02286_c0"	0.0107545275695209	1866	465.095533121042	"UDP-N-acetylmuramate:L-alanine ligase (ADP-forming)"
"rxn02465_c0"	0.0107545275695209	1009	706.607363235519	"N-acetyl-L-glutamate-5-semialdehyde:NADP+ 5-oxidoreductase (phosphrylating)"
"rxn03164_c0"	0.0107545275695209	1866	465.095533121042	"UDP-N-acetylmuramoyl-L-alanyl-D-glutamyl-meso-2,6-diaminoheptanedioate:D-alanyl-D-alanine ligase(ADP-forming)"
"rxn03408_c0"	0.0107545275695209	1866	465.095533121042	"UDP-N-acetyl-D-glucosamine:undecaprenyl-diphospho-N-acetylmuramoyl-L-alanyl-gamma-D-glutamyl-meso-2,6-diaminopimeloyl-D-alanyl-D-alanine 4-beta-N-acetylglucosaminlytransferase"
"rxn03901_c0"	0.0107545275695209	1866	465.095533121042	"undecaprenyl-diphosphate phosphohydrolase"
"rxn03904_c0"	0.0107545275695209	1866	465.095533121042	"UDP-N-acetylmuramoyl-L-alanyl-gamma-D-glutamyl-meso-2,6-diaminopimeloyl-D-alanyl-D-alanine:undecaprenyl-phosphate phospho-N-acetylmuramoyl-pentapeptide-transferase"
"rxn03923_c0"	0.0107545275695209	1468	45.0012302490964	"acetyl-phosphate:sulfite S-acetyltransferase (acyl-phosphate hydrolysing, 2-oxoethyl-forming)"
"rxn10199_c0"	0.0107545275695209	1866	465.097544758067	"Peptidoglycan subunit synthesis"
"rxn00337_c0"	0.0108633889679531	1866	12.2369093408291	"ATP:L-aspartate 4-phosphotransferase"
"rxn01643_c0"	0.0108633889679531	1866	12.2369093408291	"L-Aspartate-4-semialdehyde:NADP+ oxidoreductase (phosphorylating)"
"rxn90057_c0"	0.0111623494284102	1846	3.29907595711237	"ferredoxin hydrogenase (chemiosmosis)"
"rxn00216_c0"	0.0111679977987982	1855	0.0899079483913191	"ATP:D-glucose 6-phosphotransferase"
"rxn01265_c0"	0.0113761322160604	1866	15.1977390169796	"Nicotinate D-ribonucleotide:diphosphate phosphoribosyltransferase"
"rxn02270_c0"	0.0115843262005196	1745	330.964966904043	"Branched-chain acyl-CoA dehydrogenase"
"rxn10862_c0"	0.0115843262005196	1851	50.9393882581825	"ATP phosphohydrolase (polar-amino-acid-importing)"
"rxn00554_c0"	0.0115897889776908	1786	2.65289640546234	"CTP:D-fructose-6-phosphate 1-phosphotransferase"
"rxn01545_c0"	0.0118246033697174	1847	286.424919343007	"Xanthosine ribohydrolase"
"rxn00527_c0"	0.0127096022233816	1475	320.33454603455	"L-tyrosine:2-oxoglutarate aminotransferase"
"rxn08062_c0"	0.0127432918984064	941	1.81864175135553	"Na+/Acetate symport (periplasm)"
"rxn05293_c0"	0.0127578157879736	1866	41.2923075000928	"2C-methyl-D-erythritol 2,4 cyclodiphosphate dehydratase"
"rxn15062_c0"	0.0127578157879736	1737	10.2418942826113	"UDP-glucose:D-fructose-6-phosphate 2-alpha-D-glucosyltransferase"
"rxn08691_c0"	0.0132800689518317	1865	0.66096860086463	"hydrogen transport via diffusion (extracellular to periplasm)"
"rxn03137_c0"	0.0135090670103665	1862	9.95894048046872	"10-Formyltetrahydrofolate:5'-phosphoribosyl-5-amino-4-imidazolecarboxamide formyltransferase"
"rxn00832_c0"	0.0135279784300223	1862	9.95215144418732	"IMP 1,2-hydrolase (decyclizing)"
"rxn00490_c0"	0.0141668030176013	1865	53.0913584034792	"L-arogenate hydro-lyase (decarboxylating; L-phenylalanine-forming)"
"rxn00742_c0"	0.014388123586714	1597	571.228607669063	"L-cystathionine cysteine-lyase (deaminating; 2-oxobutanoate-forming)"
"rxn10138_c0"	0.0143950067297656	1602	394.548504298943	"Succinate transport via ABC system"
"rxn01069_c0"	0.0145202455978743	1859	54.5358096832753	"O-phospho-L-homoserine phosphate-lyase (adding water;L-threonine-forming)"
"rxn09678_c0"	0.0145202455978743	1832	13.0086045045173	"TRANS-RXNBWI-115637.ce.maizeexp.GLN_GLN"
"rxn00119_c0"	0.0146510285178365	1866	11.3573888164336	"ATP:UMP phosphotransferase"
"rxn00710_c0"	0.0148448196735816	1866	14.2240362189519	"orotidine-5'-phosphate carboxy-lyase (UMP-forming)"
"rxn01018_c0"	0.0148448196735816	1866	14.2240362189519	"carbamoyl-phosphate:L-aspartate carbamoyltransferase"
"rxn01362_c0"	0.0148448196735816	1866	14.2240362189519	"Orotidine-5'-phosphate:diphosphate phospho-alpha-D-ribosyl-transferase"
"rxn01465_c0"	0.0148448196735816	1866	14.2240362189519	"(S)-dihydroorotate amidohydrolase"
"rxn00806_c0"	0.0149393287603196	1866	21.5492935534357	"L-Leucine:2-oxoglutarate aminotransferase"
"rxn05243_c0"	0.0149393287603196	1861	27.7812642490418	"TRANS-RXNBWI-115637.ce.maizeexp.LEU_LEU"
"rxn00474_c0"	0.0151845106153611	1866	85.6479714169213	"L-serine hydro-lyase (adding indole; L-tryptophan-forming)"
"rxn00143_c0"	0.0152413967646582	1866	531.782856729805	"S-Adenosyl-L-homocysteine homocysteinylribohydrolase"
"rxn00955_c0"	0.0152413967646582	1866	531.448604201248	"S-(5-deoxy-D-ribos-5-yl)-L-homocysteine homocysteine-lyase"
"rxn01361_c0"	0.0152413967646582	1866	16.8321415939394	"(S)-dihydroorotate:NAD+ oxidoreductase"
"rxn03909_c0"	0.0156458682444042	1866	38.9387376514945	"1-Deoxy-D-xylulose-5-phosphate pyruvate-lyase (carboxylating)"
"rxn00916_c0"	0.0156485963287372	1866	19.5119107339206	"Xanthosine-5'-phosphate:ammonia ligase (AMP-forming)"
"rxn01466_c0"	0.0156485963287372	1866	424.308394258843	"Geranyl-diphosphate:isopentenyl-diphosphate geranyltrans-transferase"
"rxn00556_c0"	0.0157231878043089	1769	0.111798014629222	"UTP:D-fructose-6-phosphate 1-phosphotransferase"
"rxn00790_c0"	0.0158406824023041	1846	10.1838877061286	"5-phosphoribosylamine:diphosphate phospho-alpha-D-ribosyltransferase (glutamate-amidating)"
"rxn00599_c0"	0.0158729316882425	1866	107.695177005366	"succinyl-CoA:glycine C-succinyltransferase (decarboxylating)"
"rxn03907_c0"	0.0158729316882425	1866	39.2262315144378	"CTP: 2-C-Methyl-D-erythritol 4-phosphate cytidylyltransferase"
"rxn03908_c0"	0.0158729316882425	1866	39.2262315144378	"ATP:4-(Cytidine 5'-diphospho)-2-C-methyl-D-erythritol 2-phosphotransferase"
"rxn03910_c0"	0.0158729316882425	1866	39.2262315144378	"2-Phospho-4-(cytidine 5'-diphospho)-2-C-methyl-D-erythritol CMP-lyase (cyclizing)"
"rxn03958_c0"	0.0158729316882425	1866	39.2262315144378	"1-Deoxy-D-xylulose-5-phosphate isomeroreductase"
"rxn00365_c0"	0.0161623564263399	1794	307.067320196559	"ATP:cytidine 5'-phosphotransferase"
"rxn00239_c0"	0.0162814673195765	1866	17.9917875917807	"ATP:GMP phosphotransferase"
"rxn00288_c0"	0.0162814673195765	1851	284.928277405981	"Succinate:(acceptor) oxidoreductase"
"rxn01512_c0"	0.0162814673195765	1866	123.379504513119	"ATP:dTDP phosphotransferase"
"rxn02895_c0"	0.0162814673195765	1854	9.99281856266477	"5-Phospho-D-ribosylamine:glycine ligase (ADP-forming)"
"rxn02937_c0"	0.0162814673195765	1854	9.99281856266477	"2-(Formamido)-N1-(5-phosphoribosyl)acetamidine cyclo-ligase (ADP-forming)"
"rxn03084_c0"	0.0162814673195765	1854	9.99281856266477	"5'-Phosphoribosylformylglycinamide:L-glutamine amido-ligase (ADP-forming)"
"rxn03136_c0"	0.0162814673195765	1854	9.99414908354081	"1-(5'-Phosphoribosyl)-5-amino-4-(N-succinocarboxamide)-imidazole AMP-lyase"
"rxn03147_c0"	0.0162814673195765	1854	9.99414908354081	"1-(5-Phosphoribosyl)-5-amino-4-carboxyimidazole:L-aspartate ligase (ADP-forming)"
"rxn05036_c0"	0.0162814673195765	1865	51.7276210340945	"L-arogenate:2-oxoglutarate aminotransferase"
"rxn09673_c0"	0.0162814673195765	1864	1.08603295066207	"TRANS-RXNAVI-26524.ce.brachyexp.CPD-3609_CPD-3609"
"rxn10053_c0"	0.0162814673195765	1854	9.99250332504153	"phosphoribosylaminoimidazole carboxylase (ATP-dependent)"
"rxn03004_c0"	0.0163225472842914	1854	9.98608513080566	"10-Formyltetrahydrofolate:5'-phosphoribosylglycinamide formyltransferase"
"rxn00841_c0"	0.0164330881255683	1333	0.577022323199728	"dATP:D-glucose 6-phosphotransferase"
"rxn01213_c0"	0.0165104855914993	1866	413.89244770972	"GPPSYN-RXN"
"rxn00113_c0"	0.0168294698802584	1864	55.3676257421715	"Carbon-dioxide:ammonia ligase (ADP-forming,carbamate-phosphorylating)"
"rxn00800_c0"	0.0168294698802584	1866	13.7237019338729	"N6-(1,2-dicarboxyethyl)AMP AMP-lyase (fumarate-forming)"
"rxn00838_c0"	0.0168294698802584	1866	13.7237019338729	"IMP:L-aspartate ligase (GDP-forming)"
"rxn02269_c0"	0.0168294698802584	1866	36.1811304196206	"(S)-3-methyl-2-oxopentanoate:NAD+ 2-oxidoreductase (CoA-methylbutanoylating)"
"rxn09753_c0"	0.0168294698802584	1054	301.051320499463	"Fumarate reductase"
"rxn00162_c0"	0.0172763647388682	1229	-0.592622080247855	"oxaloacetate carboxy-lyase (pyruvate-forming)"
"rxn15364_c0"	0.0175060629438865	1831	2.90836824834179	"alpha-D-Glucose 6-phosphate ketol-isomerase"
"rxn90034_c0"	0.0175375914523393	1862	0.518466574644917	"alpha or beta glcosidase (acting on maltotridecaose)"
"rxn90035_c0"	0.0175375914523393	1862	0.51846657464492	"alpha or beta glcosidase (acting on maltooctaose)"
"rxn90043_c0"	0.0175375914523393	1862	0.518466574644917	"Pullulanase (exo, acting on n27-Starch with 3 alpha1-4 bonds)"
"rxn00460_c0"	0.0180179243276123	1866	0.0812481292565079	"UTP:pyruvate 2-O-phosphotransferase"
"rxn00411_c0"	0.0181215552896658	1866	1.67040525105967	"CTP:pyruvate 2-O-phosphotransferase"
"rxn00858_c0"	0.018139198305287	1860	531.627892768723	"Agmatine amidinohydrolase"
"rxn10447_c0"	0.0182453359076958	1866	486.128707131784	"calcium transport via ABC system"
"rxn00473_c0"	0.0185028466723823	1812	80.6073350400364	"L-tryptophan indole-lyase (deaminating; pyruvate-forming)"
"rxn00154_c0"	0.0187927262276549	1863	1.78002159486927	"pyruvate:NAD+ 2-oxidoreductase (CoA-acetylating)"
"rxn01858_c0"	0.0189605421477567	1602	3.15378686815665	"Deoxyadenosine aminohydrolase"
"rxn01985_c0"	0.0189605421477567	1602	3.15378686815665	"Deoxyinosine:orthophosphate ribosyltransferase"
"rxn08450_c0"	0.0190497284405615	1858	30.6499701493831	"fatty-acid-CoA ligase (tetradecanoate transport via vectoral Co-A coupling)"
"rxn00223_c0"	0.0198298718422319	1853	1.57097514674646	"D-glucose aldose-ketose-isomerase"
"rxn01544_c0"	0.0198298718422319	1865	89.5285940193868	"XMP:pyrophosphate phosphoribosyltransferase"
"rxn01354_c0"	0.0200503355195202	1866	7.88127482254366	"dGTP:pyruvate 2-O-phosphotransferase"
"rxn08043_c0"	0.0200503355195202	1866	0.522366452999772	"pyruvate:2-oxobutanoate acetaldehydetransferase (decarboxylating)"
"rxn05168_c0"	0.020255631079832	1604	95.8877862906164	"nonpolar-amino-acid-transporting ATPase"
"rxn03437_c0"	0.0204950444631561	1866	0.508575491641006	"(R)-2,3-Dihydroxy-3-methylpentanoate hydro-lyase"
"rxn08764_c0"	0.0205711341038143	1866	0.507730133108428	"ketol-acid reductoisomerase (2-Acetolactate)"
"rxn00802_c0"	0.0208960078020256	994	536.297310941209	"2-(Nomega-L-arginino)succinate arginine-lyase (fumarate-forming)"
"rxn01332_c0"	0.0208960078020256	1866	18.5482804346638	"Phosphoenolpyruvate:D-erythrose-4-phosphate C-(1-carboxyvinyl)transferase (phosphate hydrolysing, 2-carboxy-2-oxoethyl-forming)"
"rxn01434_c0"	0.0208960078020256	994	536.297310941209	"L-Citrulline:L-aspartate ligase (AMP-forming)"
"rxn01739_c0"	0.0208960078020256	1866	18.5482804346638	"ATP:shikimate 3-phosphotransferase"
"rxn02212_c0"	0.0208960078020256	1866	18.5482804346638	"2-Dehydro-3-deoxy-D-arabino-heptonate 7-phosphate phosphate-lyase (cyclyzing)"
"rxn08924_c0"	0.0208960078020256	1866	460.674439876789	"Mg2+-importing ATPase"
"rxn02213_c0"	0.0212527624471506	1866	18.5228045809934	"3-Dehydroquinate hydro-lyase"
"rxn00784_c0"	0.0213611011690607	1866	34.0506754075144	"2-deoxy-D-ribose-5-phosphate acetaldehyde-lyase (D-glyceraldehyde-3-phosphate-forming)"
"rxn01986_c0"	0.0213611011690607	1866	34.0506754075144	"2-deoxy-D-ribose 1-phosphate 1,5-phosphomutase"
"rxn00906_c0"	0.0214587926871055	1585	0.503394926160533	"5,10-methylenetetrahydrofolate:NAD+ oxidoreductase"
"rxn00237_c0"	0.0215579514205914	1861	23.8599904235235	"ATP:GDP phosphotransferase"
"rxn00001_c0"	0.0215665324940989	1866	0.0522393644886356	"diphosphate phosphohydrolase"
"rxn15087_c0"	0.0216082694102754	1561	4.93875234361455	"alpha-D-Glucose aldose-ketose-isomerase"
"rxn01513_c0"	0.0218695550241827	1866	154.095682045653	"ATP:dTMP phosphotransferase"
"rxn00623_c0"	0.0219507275445664	1742	41.478187471324	"hydrogen-sulfide:NADP+ oxidoreductase"
"rxn01255_c0"	0.0219507275445664	1866	18.4168091936499	"5-O-(1-Carboxyvinyl)-3-phosphoshikimate phosphate-lyase (chorismate-forming)"
"rxn02476_c0"	0.0219507275445664	1866	18.4168091936499	"Phosphoenolpyruvate:3-phosphoshikimate 5-O-(1-carboxyvinyl)-transferase"
"rxn01507_c0"	0.022010698857844	812	1.52865723983036	"2'-Deoxyadenosine 5'-monophosphate phosphohydrolase"
"rxn10054_c0"	0.022249838507543	1750	23.4905439760322	"dCMP deaminase (CMP)"
"rxn01127_c0"	0.0223982415896584	1865	1.60839044691721	"ATP:dAMP phosphotransferase"
"rxn07189_c0"	0.0225046782760397	1853	1.57818569570916	"carbon-monoxide,water:ferredoxin oxidoreductase"
"rxn90019_c0"	0.0226576082503092	1866	13.2321260705452	"folate ABC transporter"
"rxn05303_c0"	0.0232052440964822	1866	0.136790029959561	"TRANS-RXNBWI-115637.ce.maizeexp.ARG_ARG"
"rxn00684_c0"	0.0233899866682355	1866	0.112840824912663	"5,6,7,8-tetrahydrofolate:NAD+ oxidoreductase"
"rxn00097_c0"	0.0236663849833487	1866	1.77131373202124	"ATP:AMP phosphotransferase"
"rxn01268_c0"	0.0236700695360856	1409	302.671529600435	"Prephenate:NAD+ oxidoreductase(decarboxylating)"
"rxn00364_c0"	0.0239647536444591	1866	0.161471763164393	"ATP:CMP phosphotransferase"
"rxn09944_c0"	0.0240504829814189	1714	0.463088208353986	"propanal:NAD+ oxidoreductase (CoA-acylating)"
"rxn01333_c0"	0.0240953764532199	1866	0.0459071782723946	"sedoheptulose-7-phosphate:D-glyceraldehyde-3-phosphate glyceronetransferase"
"rxn05198_c0"	0.0242628556598766	1848	119.509421608691	"Transport of cytidine, extracellular"
"rxn01256_c0"	0.024542664123178	1866	19.3248070661812	"Chorismate pyruvatemutase"
"rxn05169_c0"	0.024542664123178	1866	11.8701402484116	"ATP phosphohydrolase (polar-amino-acid-importing)"
"rxn08311_c0"	0.024542664123178	1866	74.2807136056389	"CDP-diacylglycerol synthetase (n-C18:0)"
"rxn09106_c0"	0.024542664123178	1866	99.040951474185	"phosphatidylglycerol phosphate phosphatase (periplasm, n-C18:0)"
"rxn09113_c0"	0.024542664123178	1866	99.040951474185	"Phosphatidylglycerol synthase (n-C18:0)"
"rxn09202_c0"	0.024542664123178	1866	297.122854422556	"Phosphatidylserine decarboxylase (n-C18:0)"
"rxn09210_c0"	0.024542664123178	1866	297.122854422556	"Phosphatidylserine syntase (n-C18:0)"
"rxn10220_c0"	0.024542664123178	1866	74.2807136056389	"isoheptadecanoyl-phosphatidate cytidylyltransferase"
"rxn10221_c0"	0.024542664123178	1866	74.2807136056389	"anteisoheptadecanoyl-phosphatidate cytidylyltransferase"
"rxn10226_c0"	0.024542664123178	1866	297.122854422556	"isoheptadecanoyl-CDPdiacylglycerol-serine O-phosphatidyltransferase"
"rxn10227_c0"	0.024542664123178	1866	297.122854422556	"anteisoheptadecanoyl-CDPdiacylglycerol-serine O-phosphatidyltransferase"
"rxn10232_c0"	0.024542664123178	1866	297.122854422556	"isoheptadecanoyl-phosphatidylserine decarboxylase"
"rxn10233_c0"	0.024542664123178	1866	297.122854422556	"anteisoheptadecanoyl-phosphatidylserine decarboxylase"
"rxn10259_c0"	0.024542664123178	1866	99.040951474185	"isoheptadecanoyl-CDPdiacylglycerol:sn-glycerol-3-phosphate 3-phosphatidyltransferase"
"rxn10260_c0"	0.024542664123178	1866	99.040951474185	"anteisoheptadecanoyl-CDPdiacylglycerol:sn-glycerol-3-phosphate 3-phosphatidyltransferase"
"rxn10265_c0"	0.024542664123178	1866	99.040951474185	"isoheptadecanoyl-Phosphatidylglycerophosphate phosphohydrolase"
"rxn10266_c0"	0.024542664123178	1866	99.040951474185	"anteisoheptadecanoyl-Phosphatidylglycerophosphate phosphohydrolase"
"rxn10336_c0"	0.024542664123178	1866	297.122854422556	"stearoyl-cardiolipin synthase"
"rxn10337_c0"	0.024542664123178	1866	297.122854422556	"isoheptadecanoyl-cardiolipin synthase"
"rxn10338_c0"	0.024542664123178	1866	297.122854422556	"anteisoheptadecanoyl-cardiolipin synthase"
"rxn10484_c0"	0.024542664123178	1866	12.3818526540309	"diaminopimelate dehydrogenase"
"rxn00686_c0"	0.0246408105792182	1853	0.114030422457679	"5,6,7,8-tetrahydrofolate:NADP+ oxidoreductase"
"rxn00225_c0"	0.0247923824743173	1866	0.00758634178348851	"ATP:acetate phosphotransferase"
"rxn05237_c0"	0.0252529845726774	1866	45.3059478314268	"ATP phosphohydrolase (polar-amino-acid-importing)"
"rxn05555_c0"	0.0253727941064383	1866	211.889825021396	"iron (II) transport via ABC system"
"rxn08020_c0"	0.025423431178223	1860	160.39145544603	"laurate-[acyl-carrier-protein] ligase"
"rxn01505_c0"	0.0254581733997886	1866	0.803268467391329	"N-Acetyl-D-glucosamine 1-phosphate 1,6-phosphomutase"
"rxn01000_c0"	0.0254842763085354	1866	1.28066291554089	"prephenate hydro-lyase (decarboxylating; phenylpyruvate-forming)"
"rxn00545_c0"	0.0256114225705692	1866	0.0222401347731734	"ATP:D-fructose-6-phosphate 1-phosphotransferase"
"rxn05195_c0"	0.0257112048217804	1866	382.674339566132	"ATP phosphohydrolase (ferric-ion-transporting)"
"rxn00213_c0"	0.0258367482679595	1866	3.59140037775619	"UTP:alpha-D-glucose-1-phosphate uridylyltransferase"
"rxn01134_c0"	0.0258367482679595	1849	2.24963604164454	"Maltose alpha-D-glucosylmutase"
"rxn00184_c0"	0.0258647882831599	1866	1.20907984885324	"L-Glutamate:NADP+ oxidoreductase (deaminating)"
"rxn10820_c0"	0.0259517194066845	1866	-0.382019136442716	"TRANS-RXN-188.ce"
"rxn00709_c0"	0.0262007708817902	1810	83.568990401805	"ATP:uridine 5'-phosphotransferase"
"rxn00558_c0"	0.0263591095544384	1866	0.0139408592430193	"D-glucose-6-phosphate aldose-ketose-isomerase"
"rxn00904_c0"	0.0263925703515421	1864	0.613077188767077	"L-Valine:pyruvate aminotransferase"
"rxn01353_c0"	0.0265063415756729	1751	8.81502268949493	"ATP:dGDP phosphotransferase"
"rxn05595_c0"	0.0265063415756729	1866	-0.385481017163976	"TRANS-RXN-3.ce"
"rxn00747_c0"	0.0266850964139199	1866	0.243491476746648	"D-glyceraldehyde-3-phosphate aldose-ketose-isomerase"
"rxn00304_c0"	0.0268222357745862	1866	9.08907199047588	"GTP:pyruvate 2-O-phosphotransferase"
"rxn10204_c0"	0.0268222357745862	1866	66.7536312125807	"acyl-CoA:sn-glycerol-3-phosphate 1-O-acyltransferase"
"rxn10213_c0"	0.0268222357745862	1866	66.7536312125807	"stearoyl-1-acylglycerol-3-phosphate O-acyltransferase"
"rxn10481_c0"	0.0269751314899498	1866	392.315757651862	"Copper transport via ABC system"
"rxn90015_c0"	0.0271001543123542	1866	91.3457938546433	"Anaerobic Guanine desoxribonucleotide-triphosphate reductase"
"rxn01644_c0"	0.0274501477543431	1866	11.1968393746106	"L-Aspartate-4-semialdehyde hydro-lyase (adding pyruvate and cyclizing)"
"rxn05251_c0"	0.0274501477543431	1866	32.3318306855515	"FACOAL170(anteiso)"
"rxn05252_c0"	0.0274501477543431	1866	32.3318306855515	"FACOAL170(ISO)"
"rxn05275_c0"	0.0274501477543431	1866	32.3318306855515	"b-ketoacyl synthetase (Iso-C17:0)"
"rxn05276_c0"	0.0274501477543431	1866	32.3318306855515	"b-ketoacyl synthetase (Anteiso-C17:0)"
"rxn08233_c0"	0.0274501477543431	1866	747.032789244785	"Chloride/proton antiport"
"rxn10205_c0"	0.0274501477543431	1866	64.6636613711029	"isoheptadecanoyl-glycerol-3-phosphate O-acyltransferase"
"rxn10206_c0"	0.0274501477543431	1866	64.6636613711029	"anteisoheptadecanoyl-glycerol-3-phosphate O-acyltransferase"
"rxn10214_c0"	0.0274501477543431	1866	64.6636613711029	"isoheptadecanoyl-1-acylglycerol-3-phosphate O-acyltransferase"
"rxn10215_c0"	0.0274501477543431	1866	64.6636613711029	"anteisoheptadecanoyl-1-acylglycerol-3-phosphate O-acyltransferase"
"rxn00786_c0"	0.0274702921937431	1866	0.012116606626778	"D-fructose-1,6-bisphosphate D-glyceraldehyde-3-phosphate-lyase (glycerone-phosphate-forming)"
"rxn01187_c0"	0.0274702921937431	1862	0.021043867680918	"D-Xylulose 5-phosphate D-glyceraldehyde-3-phosphate-lyase (adding phosphate; acetyl-phosphate-forming)"
"rxn05306_c0"	0.0274702921937431	1866	1.84920454877234	"TRANS-RXNBWI-115637.ce.maizeexp.PHE_PHE"
"rxn01322_c0"	0.0277805116910103	1858	44.3888890763285	"N-Acetylneuraminate pyruvate-lyase (N-acetyl-D-mannosamine-forming)"
"rxn05487_c0"	0.0277805116910103	1858	44.3888890763285	"N-acetylneuraminate proton symport"
"rxn02005_c0"	0.027854434272096	1716	0.136159443844485	"trehalose transport via PEP:Pyr PTS"
"rxn00313_c0"	0.0278681215527904	1866	11.4400832162989	"meso-2,6-diaminoheptanedioate carboxy-lyase (L-lysine-forming)"
"rxn00690_c0"	0.0278681215527904	1866	4.13089285772863	"Formate:tetrahydrofolate ligase (ADP-forming)"
"rxn00392_c0"	0.0279353823198859	1866	580.370023386187	"ATP:riboflavin 5'-phosphotransferase"
"rxn00615_c0"	0.0280669829083469	1866	17.9546889952972	"ATP:glycerol 3-phosphotransferase"
"rxn08440_c0"	0.0280818862502653	1854	163.860441381401	"lauroyl-CoA hydrolase"
"rxn05655_c0"	0.0282894302210569	1856	1.62310091220448	"sucrose transport via PEP:Pyr PTS"
"rxn01200_c0"	0.0283458120171283	1865	0.0996429696019275	"Sedoheptulose-7-phosphate:D-glyceraldehyde-3-phosphate glycolaldehyde transferase"
"rxn15035_c0"	0.0284843823228947	1201	0.485679456072935	"D-glucose aldose-ketose-isomerase"
"rxn00929_c0"	0.0286667214151485	1862	3.41241421132567	"L-Proline:NAD+ 5-oxidoreductase"
"rxn05308_c0"	0.0286899525046323	1837	76.0778988013861	"Pantothenate reversible transport via proton symport"
"rxn02928_c0"	0.028719178221155	1866	11.1437776321589	"2,3,4,5-Tetrahydrodipicolinate:NAD+ oxidoreductase"
"rxn00346_c0"	0.0290198607137995	1866	0.135524146534622	"L-aspartate 1-carboxy-lyase (beta-alanine-forming)"
"rxn09655_c0"	0.0290198607137995	1719	0.134813834286114	"TRANS-RXNAVI-26524.ce.brachyexp.TREHALOSE_TREHALOSE"
"rxn00839_c0"	0.0294278542458757	1775	36.0600705225542	"ATP:dADP phosphotransferase"
"rxn00778_c0"	0.0294678021787633	1866	0.721893873405786	"D-Ribose 1,5-phosphomutase"
"rxn00117_c0"	0.029667929184561	1862	0.188975894573871	"ATP:UDP phosphotransferase"
"rxn03374_c0"	0.0297183445254805	1858	47.4258459921025	"Selenocystathionine Lysteine-lyase (deaminating)"
"rxn04954_c0"	0.0297183445254805	1866	2.78354969286546	"5-methyltetrahydrofolate:NAD+ oxidoreductase"
"rxn15500_c0"	0.0297183445254805	1858	47.4258459921025	"O-phosphorylhomoserine:selenocysteine Se-(3-amino-3-carboxypropyl)transferase"
"rxn14120_c0"	0.030068160169222	1866	11.1902495060655	"5,6,7,8-tetrahydrofolate:NAD+ oxidoreductase"
"rxn15108_c0"	0.0307813470881198	1865	0.277562311150658	"ATP:D-ribose-5-phosphate diphosphotransferase"
"rxn00459_c0"	0.0309966272171266	1866	0.102290956030078	"2-phospho-D-glycerate hydro-lyase (phosphoenolpyruvate-forming)"
"rxn00781_c0"	0.0309966272171266	1866	0.101840361682768	"D-glyceraldehyde-3-phosphate:NAD+ oxidoreductase (phosphorylating)"
"rxn01100_c0"	0.0309966272171266	1866	0.101866954906974	"ATP:3-phospho-D-glycerate 1-phosphotransferase"
"rxn01106_c0"	0.0309966272171266	1866	0.102321097387874	"2-Phospho-D-glycerate 2,3-phosphomutase"
"rxn05221_c0"	0.0309966272171266	1866	34.8398133388249	"Na+/Proline-L symporter"
"rxn00100_c0"	0.0312180134936232	1866	281.670566139149	"ATP:dephospho-CoA 3'-phosphotransferase"
"rxn00122_c0"	0.0312180134936232	1866	563.447009900623	"ATP:FMN adenylyltransferase"
"rxn00137_c0"	0.0312180134936232	1866	563.447009900623	"Adenosine 3',5'-bisphosphate 3'-phosphohydrolase"
"rxn00224_c0"	0.0312180134936232	1866	563.447009900623	"protoheme ferro-lyase (protoporphyrin-forming)"
"rxn00351_c0"	0.0312180134936232	1866	563.447009900623	"gamma-L-glutamyl-L-cysteine:glycine ligase (ADP-forming)"
"rxn00440_c0"	0.0312180134936232	1866	583.493569010564	"ATP:thiamine diphosphotransferase"
"rxn00646_c0"	0.0312180134936232	1866	563.447009900623	"L-glutamate:L-cysteine gamma-ligase (ADP-forming)"
"rxn00834_c0"	0.0312180134936232	1866	16.9397157724113	"IMP:NAD+ oxidoreductase"
"rxn02175_c0"	0.0312180134936232	1866	281.670566139149	"ATP:pantetheine-4'-phosphate adenylyltransferase"
"rxn02288_c0"	0.0312180134936232	1866	563.447009900623	"Uroporphyrinogen-III carboxy-lyase"
"rxn02341_c0"	0.0312180134936232	1866	281.670566139149	"N-[(R)-4'-Phosphopantothenoyl]-L-cysteine carboxy-lyase"
"rxn02897_c0"	0.0312180134936232	1866	563.447009900623	"Nicotinate-nucleotide:dimethylbenzimidazole phospho-D-ribosyltransferase"
"rxn03150_c0"	0.0312180134936232	1866	563.447009900623	"R04594"
"rxn03538_c0"	0.0312180134936232	1866	563.447009900623	"R05223"
"rxn04704_c0"	0.0312180134936232	1866	563.447009900623	"coproporphyrinogen-III:S-adenosyl-L-methionine oxidoreductase(decarboxylating)"
"rxn05029_c0"	0.0312180134936232	1866	563.447009900623	"ATP:cobinamide Cobeta-adenosyltransferase"
"rxn06023_c0"	0.0312180134936232	1866	563.447009900623	"CoA:apo-[acyl-carrier-protein] pantetheinephosphotransferase"
"rxn12510_c0"	0.0312180134936232	1866	281.670126339578	"ATP:pantothenate 4'-phosphotransferase"
"rxn00029_c0"	0.0319264369164369	1866	69.9874700394726	"5-aminolevulinate hydro-lyase (adding 5-aminolevulinate and cyclizing; porphobilinogen-forming)"
"rxn00060_c0"	0.0319264369164369	1866	279.94988015789	"porphobilinogen:(4-[2-carboxyethyl]-3-[carboxymethyl]pyrrol-2-yl)methyltransferase (hydrolysing)"
"rxn02264_c0"	0.0319264369164369	1866	279.94988015789	"Hydroxymethylbilane hydro-lyase(cyclizing)"
"rxn03924_c0"	0.0319264369164369	1558	38.9464312404109	"taurine:pyruvate aminotransferase"
"rxn03537_c0"	0.0322856835088301	1866	558.470116581534	"R05222"
"rxn15065_c0"	0.032457778875568	1635	0.553668975029918	"UTP:D-fructose-6-phosphate 1-phosphotransferase"
"rxn05319_c0"	0.0325422075670075	1866	0.0113714130786559	"TRANS-RXNBWI-115401.ce.maizeexp.OH_OH"
"rxn02287_c0"	0.0325959396847485	1866	556.347735665526	"S-adenosyl-L-methionine:uroporphyrin-III C-methyltransferase"
"rxn05175_c0"	0.0325959396847485	1866	611.150437760402	"spermidine transport via ABC system"
"rxn05663_c0"	0.0325959396847485	1866	48.0320892624348	"TRANS-RXNBWI-115637.ce.maizeexp.TRP_TRP"
"rxn09247_c0"	0.0325959396847485	1862	4.78540834198874	"RXN0-4083.cp"
"rxn12204_c0"	0.0337468218728954	1857	0.116458218434566	"alpha-D-glucose 1,6-phosphomutase"
"rxn05301_c0"	0.0340642294875129	1866	20.4622566256677	"TRANS-RXNBWI-115637.ce.maizeexp.TYR_TYR"
"rxn10857_c0"	0.0340642294875129	1861	111.98376837841	"cytidine transport in via sodium symport"
"rxn00692_c0"	0.0340962172177424	1866	3.50049884349969	"5,10-Methylenetetrahydrofolate:glycine hydroxymethyltransferase"
"rxn10480_c0"	0.0343328212642586	1655	2.37438659095373	"CO transporter via diffusion"
"rxn15360_c0"	0.0348144788536829	859	13.1577005106923	"alpha,alpha-Trehalose:orthophosphate beta-D-glucosyltransferase"
"rxn15248_c0"	0.0354043190743412	1458	13.9875621725779	"Inosine ribohydrolase"
"rxn00611_c0"	0.0354123577314178	1866	0.183683293512205	"sn-Glycerol-3-phosphate:NAD+ 2-oxidoreductase"
"rxn00126_c0"	0.0361574836234011	1866	90.7850470136152	"ATP:L-methionine S-adenosyltransferase"
"rxn00127_c0"	0.0361574836234011	1796	557.120716806178	"S-adenosyl-L-methionine carboxy-lyase [(5-deoxy-5-adenosyl)(3-aminopropyl)methylsulfonium-forming]"
"rxn01021_c0"	0.0361574836234011	1796	557.120716806178	"Methylthioadenosine methylthioribohydrolase"
"rxn01406_c0"	0.0361574836234011	1800	556.016377102941	"S-adenosylmethioninamine:putrescine 3-aminopropyltransferase"
"rxn05481_c0"	0.0361574836234011	1796	557.120716806178	"5-Methylthio-D-ribose transport in/out via proton symport"
"rxn08454_c0"	0.0361574836234011	1866	35.5824562532937	"fatty-acid-CoA ligase (octadecanoate transport via vectoral Co-A coupling)"
"rxn09306_c0"	0.0361574836234011	1862	5.73521814130525	"L-threonine  via sodium symport (periplasm)"
"rxn08449_c0"	0.0362504311655279	1859	4.991221006477	"fatty-acid-CoA ligase (dodecanoate transport via vectoral Co-A coupling)"
"rxn00293_c0"	0.0364136028760146	1866	27.7242118833841	"UTP:N-acetyl-alpha-D-glucosamine-1-phosphate uridylyltransferase"
"rxn08160_c0"	0.0366587574121964	1866	16.9290916019399	"L-asparagine transport via ABC system (periplasm)"
"rxn15228_c0"	0.0372153321621452	1865	0.0714722203033169	"Sedoheptulose-7-phosphate:D-glyceraldehyde-3-phosphate glycolaldehyde transferase"
"rxn15435_c0"	0.0372153321621452	1712	0.248397422007693	"ATP:D-fructose 6-phosphotransferase"
"rxn00181_c0"	0.0374252655250708	1853	4.2969408857736	"ATP:L-glutamate 1-phosphotransferase"
"rxn02990_c0"	0.0374252655250708	1853	4.2969408857736	"(S)-4-Amino-5-oxopentanoate:NADP+ 5-oxidoreductase"
"rxn90026_c0"	0.0374252655250708	1844	0.809491645724454	"N-acetylglucosaminidase, extracellular"
"rxn90014_c0"	0.0379897829930626	1866	82.040438222536	"Anaerobic Cytosine desoxribonucleotide-triphosphate reductase"
"rxn15115_c0"	0.038067852912201	1864	19.7415976183747	"D-Ribose 1,5-phosphomutase"
"rxn00908_c0"	0.0383616335972773	1844	8.95383319810076	"glycine synthase"
"rxn15167_c0"	0.0383616335972773	1832	364.272270857985	"L-serine hydro-lyase (adding homocysteine; L-cystathionine-forming)"
"rxn15395_c0"	0.0383616335972773	1832	364.19979115777	"O-Succinyl-L-homoserine succinate-lyase (adding cysteine)"
"rxn01575_c0"	0.0385516404049577	1866	0.741818340276265	"L-Isoleucine:2-oxoglutarate aminotransferase"
"rxn15055_c0"	0.0387094131351081	1862	56.673393598304	"L-ornithine:2-oxoglutarate aminotransferase"
"rxn00409_c0"	0.0389153389506597	1863	13.7159232908409	"ATP:CDP phosphotransferase"
"rxn02380_c0"	0.0390907845736085	1859	0.0365533159316021	"beta-D-Glucose 6-phosphate ketol-isomerase"
"rxn05488_c0"	0.0391584478267431	1866	0.00680521619831315	"acetate reversible transport via proton symport"
"rxn02796_c0"	0.0392201069074649	1008	53.2890027365391	"chenodeoxycholoyltaurine amidohydrolase"
"rxn00953_c0"	0.0395759092982422	1801	14.9781334042917	"L-Serine hydro-lyase (adding homocysteine)"
"rxn01967_c0"	0.0397640730174479	1791	0.0867277461673034	"beta-D-Glucose 1-phosphate 1,6-phosphomutase"
"rxn12806_c0"	0.039972081642384	1854	724.3614623935	"Nicotinic acid transport via proton symport (periplasm)"
"rxn39250_c0"	0.039972081642384	1866	266.351476718618	"5-deoxyadenosine phosphorylase"
"rxn39251_c0"	0.039972081642384	1866	266.351476718618	"5-deoxyribose-1-phosphate isomerase"
"rxn39252_c0"	0.039972081642384	1866	266.351476718618	"5-deoxyribulose-1-phosphate aldolase"
"rxn00670_c0"	0.0403502830584514	1754	7.35408200945563	"propanoyl-CoA:phosphate propanoyltransferase"
"rxn00985_c0"	0.0403502830584514	1754	7.35408200945563	"ATP:propanoate phosphotransferase"
"rxn05219_c0"	0.0404203221007257	1866	19.4531323023829	"nonpolar-amino-acid-transporting ATPase"
"rxn05224_c0"	0.0407921794828414	1866	283.841644795924	"Riboflavin permease"
"rxn05177_c0"	0.0409034117397299	1866	550.611348393291	"thiamine transport via ABC system"
"rxn00173_c0"	0.0411853556254689	1866	0.3603182720777	"acetyl-CoA:phosphate acetyltransferase"
"rxn00791_c0"	0.0419271155246783	1826	13.6499673168631	"N-(5-Phospho-D-ribosyl)anthranilate:pyrophosphate phosphoribosyl-transferase"
"rxn02507_c0"	0.0419271155246783	1826	13.6499673168631	"1-(2-Carboxyphenylamino)-1-deoxy-D-ribulose-5-phosphate carboxy-lyase(cyclizing)"
"rxn02508_c0"	0.0419271155246783	1826	13.6499673168631	"N-(5-Phospho-beta-D-ribosyl)anthranilate ketol-isomerase"
"rxn00138_c0"	0.0429179765845104	1866	246.692652654204	"deamido-NAD+:ammonia ligase (AMP-forming)"
"rxn06149_c0"	0.0430261192921713	1853	0.0970461960783345	"5-Methyltetrahydrofolate:Corrinoid Co-methyltransferase"
"rxn12080_c0"	0.0430261192921713	1853	0.0970461960783345	"acetyl-CoA:corrinoid protein O-acetyltransferase"
"rxn15060_c0"	0.0431715703062427	1694	0.590103250193824	"D-fructose-6-phosphate D-erythrose-4-phosphate-lyase (adding phosphate; acetyl-phosphate-forming)"
"rxn05179_c0"	0.0432196835753757	1861	0.984840158014717	"nonpolar-amino-acid-transporting ATPase"
"rxn02155_c0"	0.0433778292448925	1866	247.557767103252	"ATP:nicotinamide-nucleotide adenylyltransferase"
"rxn05508_c0"	0.0433778292448925	1857	50.1111555939964	"TRANS-RXNBWI-115637.ce.maizeexp.ASN_ASN"
"rxn00148_c0"	0.0435100162562087	1866	0.0286858850594571	"ATP:pyruvate 2-O-phosphotransferase"
"rxn90053_c0"	0.0441722268839458	1866	0.576542825396094	"Na(+)-translocating ferredoxin:NAD(+) oxidoreductase complex"
"rxn15560_c0"	0.0442647782616039	1659	0.181123209122946	"maltose:phosphate 1-beta-D-glucosyltransferase"
"rxn11196_c0"	0.044511201099479	1866	0.155359810885136	"acetyl-CoA carboxylase carboxyl transferase subunit alpha"
"rxn15584_c0"	0.0448070515522518	1704	0.243453646604346	"R06102"
"rxn01964_c0"	0.0454407240003234	1819	14.6950569959876	"L-serine hydro-lyase [adding 1-C-(indol-3-yl)glycerol 3-phosphate; L-tryptophan and glyceraldehyde-3-phosphate-forming]"
"rxn00510_c0"	0.0457687546507399	1244	19.3186153647134	"N6-(L-1,3-Dicarboxypropyl)-L-lysine:NAD+ oxidoreductase (L-lysine-forming)"
"rxn01663_c0"	0.0457687546507399	1244	19.3186153647134	"N6-(L-1,3-Dicarboxypropyl)-L-lysine:NADP+ oxidoreductase"
"rxn05144_c0"	0.0458799190342713	1866	26.2840560408692	"Pyridoxal 5-phosphate synthase"
"rxn00621_c0"	0.0460460392038971	1866	0.196013079248697	"CTP:sn-glycerol-3-phosphate cytidylyltransferase"
"rxn00833_c0"	0.0460460392038971	1820	2.37678833747544	"5'-Inosinate phosphoribohydrolase"
"rxn09067_c0"	0.0460460392038971	1866	20.7283831305497	"Phosphatidate phosphatase (periplasmic, n-C18:0)"
"rxn10238_c0"	0.0460460392038971	1866	20.7283831305497	"isoheptadecanoyl-phosphatidic acid phosphatase"
"rxn10239_c0"	0.0460460392038971	1866	20.7283831305497	"anteisoheptadecanoyl-phosphatidic acid phosphatase"
"rxn10273_c0"	0.0460460392038971	1866	20.7283831305497	"stearoyl-UDP-glucosyltransferase (diglucosyl)"
"rxn10274_c0"	0.0460460392038971	1866	20.7283831305497	"isoheptadecanoyl-UDP-glucosyltransferase (diglucosyl)"
"rxn10275_c0"	0.0460460392038971	1866	20.7283831305497	"anteisoheptadecanoyl-UDP-glucosyltransferase (diglucosyl)"
"rxn10282_c0"	0.0460460392038971	1866	20.7283831305497	"stearoyl-UDP-glucosyltransferase (monoglucosyl)"
"rxn10283_c0"	0.0460460392038971	1866	20.7283831305497	"isoheptadecanoyl-UDP-glucosyltransferase (monoglucosyl)"
"rxn10284_c0"	0.0460460392038971	1866	20.7283831305497	"anteisoheptadecanoyl-UDP-glucosyltransferase (monoglucosyl)"
"rxn10291_c0"	0.0460460392038971	1866	20.7283831305497	"stearoyl-lipoteichoic acid synthesis (n=24), linked, unsubstituted"
"rxn10292_c0"	0.0460460392038971	1866	20.7283831305497	"isoheptadecanoyl-lipoteichoic acid synthesis (n=24), linked, unsubstituted"
"rxn10293_c0"	0.0460460392038971	1866	20.7283831305497	"anteisoheptadecanoyl-lipoteichoic acid synthesis (n=24), linked, unsubstituted"
"rxn05887_c0"	0.046133308088456	1857	1.02858216169143	"Hydrogen:NAD+ oxidoreductase"
"rxn08689_c0"	0.0464174961133514	1557	46.4304781616273	"h2s transport (periplasm)"
"rxn00785_c0"	0.0465509384994512	1866	2.92601540473779	"D-Fructose 6-phosphate:D-glyceraldehyde-3-phosphate glycolaldehyde transferase"
"rxn05938_c0"	0.0465509384994512	1854	0.709436402619784	"pyruvate ferredoxin oxidoreductase"
"rxn02402_c0"	0.046596184762744	1866	351.124555064268	"Nicotinate-nucleotide:pyrophosphate phosphoribosyltransferase (carboxylating)"
"rxn01629_c0"	0.0470589353175473	1866	1.82928495143348	"(S)-4-Amino-5-oxopentanoate 4,5-aminomutase"
"rxn05148_c0"	0.0471660004648387	1866	638.026741824466	"Heme transport via ABC system"
"rxn05217_c0"	0.0471660004648387	1866	1.4249457055963	"TRANS-RXNBWI-115637.ce.maizeexp.L-ASPARTATE_L-ASPARTATE"
"rxn09115_c0"	0.0471660004648387	1866	638.026741824466	"heme-transporting ATPase"
"rxn00172_c0"	0.0471856720173579	1842	1.33986819357505	"Acetate:CoA ligase (ADP-forming)"
"rxn00677_c0"	0.0474366295361327	1607	0.678968013043317	"Acetyl-CoA:propanoate CoA-transferase"
"rxn29921_c0"	0.0478504205857334	1243	25.2454328002371	"Trehalase"
"rxn00134_c0"	0.0483851096780186	1860	104.868900482495	"ATP:adenosine 5'-phosphotransferase"
"rxn01683_c0"	0.0483851096780186	1863	242.368520021074	"N-D-ribosylpurine ribohydrolase"
"rxn08854_c0"	0.0483851096780186	1865	31.3389499853957	"TRANS-RXN-58.cp"
"rxn90013_c0"	0.0483851096780186	1866	27.8166395713948	"Anaerobic Adenosine desoxribonucleotide-triphosphate reductase"
"rxn05161_c0"	0.0485689733979716	1861	0.694450829095521	"nonpolar-amino-acid-transporting ATPase"
"rxn00238_c0"	0.0489071182129945	1048	16.0402406910766	"ATP:nucleoside-diphosphate phosphotransferase"
"rxn00493_c0"	0.0493837021213095	1866	27.9254852263225	"L-Phenylalanine:2-oxoglutarate aminotransferase"
"rxn01297_c0"	0.0499295379479247	1809	-4.88732116162526	"hypoxanthine:NAD+ oxidoreductase"
"rxn00363_c0"	0.0499363693616364	1587	54.817534511663	"Cytidine-5'-monophosphate phosphohydrolase"
