"","growth"
"X1201710252",0.121580482852556
"X1201710258",0.769363942893666
"X1201710262",0.872220705081935
"X1201710264",0.124538212149091
"X1201710265",0.118510805968734
"X1201714080",0.109889950719429
"X1201714081",0.119649717639712
"X1201714082",0.111064896602018
"X1201714083",0.122681074881452
"X1201714084",0.113195117995213
"X1201714087",0.119045362559989
"X1201714088",0.122157020213338
"X1201714089",0.127868713675673
"X1201714090",0.116805636983806
"X1201714091",0.115306385252581
"X1201710583",0.143387268945009
"X1201710584",0.11688665282521
"X1201710585",0.120864594167904
"X1201710586",0.143096962666352
"X1201710588",0.124347130043752
"X1201714092",0.125062512982839
"X1201714093",0.115528534721475
"X1201714094",0.126494436338837
"X1201714095",0.122338924861635
"X1201714096",0.120214425438831
"X1201714097",0.107660497680303
"X1201714099",0.117235301529988
"X1201714100",0.792347125256665
"X1201714101",0.816374192048549
"X1201714102",0.113143780687693
"X1201714103",0.115165256389671
"X1201714105",0.116221254834085
"X1201714106",0.114942484769688
"X1201714107",0.113707108903452
"X1201714108",0.115584288144403
"X1201714110",0.834743731444367
"X1201714111",0.121129720172954
"X1201714113",0.85160943907987
"X1201714116",0.817354216408736
"X1201714117",0.128775553388977
"X1201714118",0.11179764395049
"X1201714119",0.113604374490128
"X1201714120",0.885344078866949
"X1201714122",0.127543271191264
"X1201714125",0.111780106656809
"X1201714126",0.796304374800122
"X1201714127",0.787191000413648
"X1201714129",0.818476755247187
"X1201714130",0.118466649563445
"X1201714131",0.792449101605212
"X1201714132",0.769783821075336
"X1201714133",0.114983923850154
"X1201714135",0.117703130320218
"X1201714136",0.127371694877635
"X1201714137",0.123551330254998
"X1201714138",0.113951669849124
"X1201714140",0.11441903204223
"X1201714142",0.120400181132234
"X1201714144",0.165426598219045
"X1201714145",0.118140747045509
"X1201714146",0.111264967957416
"X1201714147",0.134251046978782
"X1201710589",0.11870225623127
"X1201710590",0.127457673490312
"X1201710591",0.119020578086368
"X1201710593",0.116868797457739
"X1201710594",0.118214497053868
"X1201714148",0.114068414091108
"X1201714149",0.115353739082369
"X1201714150",0.114307719953191
"X1201714152",0.110018686691749
"X1201714154",0.840169151492666
"X1201714155",0.839537255954845
"X1201714156",0.108721751463717
"X1201714157",0.114101619116637
"X1201714158",0.130535163795276
"X1201714159",0.124817238184417
"X1201714160",0.111212807304193
"X1201714161",0.11528591427904
"X1201714162",0.836693493967811
"X1201714163",0.112910015991525
"X1201714164",0.116960251627882
"X1201714166",0.120122987565135
"X1201714167",0.786902155933128
"X1201714168",0.129350898768275
"X1201714169",0.130184108817151
"X1201714170",0.820137418222042
"X1201714171",0.114607234416651
"X1201714172",0.779328186287575
"X1201714173",0.837188793230251
"X1201714174",0.125607753043982
"X1201714175",0.123649804000101
"X1201714176",0.110822240825411
"X1201714177",0.112234578485157
"X1201714178",0.186402404884952
"X1201714179",0.113006705943209
"X1201714531",0.128125785071663
"X1201714534",0.835222645318083
"X1201714535",0.112586370236388
"X1201714536",0.118787928718896
"X1201714537",0.785587266998694
"X1201714538",0.126075207663995
"X1201714539",0.807146396496565
"X1201714541",0.117234879190243
"X1201714543",0.82051868053074
"X1201714544",0.117690714126101
"X1201710289",0.125307274678385
"X1201710292",0.824464424837411
"X1201710295",0.117067305723175
"X1201710296",0.121241987033387
"X1201710304",0.875545017207841
"X1201714545",0.120440609728712
"X1201714549",0.11242517668859
"X1201714550",0.119050481589465
"X1201714553",0.112478921344179
"X1201714554",0.127531927862527
"X1201714555",0.120155339588741
"X1201714556",0.109782626729179
"X1201714557",0.119781578138989
"X1201714558",0.114791236140252
"X1201714559",0.125702565054034
"X1201710595",0.870036561839164
"X1201710596",0.12076358618804
"X1201710600",0.116877414889344
"X1201710602",0.804632854663883
"X1201714560",0.119812336992266
"X1201714564",0.114366066302417
"X1201714565",0.119813879783974
"X1201714566",0.777078120818192
"X1201714567",0.118341282369363
"X1201714568",0.118449672426775
"X1201714572",0.835427673815244
"X1201714573",0.832338021194038
"X1201714574",0.120682947660466
"X1201714581",0.121131461568671
"X1201714582",0.131655547293611
"X1201714583",0.121159177065204
"X1201714584",0.109871030631805
"X1201714585",0.813499604356727
"X1201714586",0.120329381995294
"X1201714588",0.116270508690348
"X1201714589",0.12015075547997
"X1201714590",0.117128265860032
"X1201714593",0.118596370045415
"X1201714594",0.113880595722754
"X1201714595",0.11126339991862
"X1201714597",0.806898000382898
"X1201714598",0.117394460149303
"X1201714599",0.152482181583735
"X1201714600",0.119274082021808
"X1201714601",0.800244034717031
"X1201714602",0.117374863112695
"X1201714603",0.808231280021052
"X1201714604",0.116641089731456
"X1201714605",0.115763485987136
"X1201714606",0.857321461967861
"X1201714607",0.11651553560418
"X1201714608",0.821945040409818
"X1201714610",0.125412636106457
"X1201714612",0.793099953643002
"X1201714613",0.114580531795316
"X1201714615",0.114302160052993
"X1201714616",0.783010730764564
"X1201714617",0.118232635537961
"X1201714619",0.118027011707756
"X1201714620",0.117074887122163
"X1201714621",0.786142150544969
"X1201714622",0.121860540032353
"X1201714623",0.120751502425905
"X1201714624",0.111929087005091
"X1201714625",0.11888487360672
"X1201714627",0.118594780445802
"X1201714628",0.126485147347251
"X1201710605",0.116406782375326
"X1201710609",0.120705047110996
"X1201710611",0.125680553671493
"X1201710612",0.827552136071875
"X1201710615",0.846092852416773
"X1201714629",0.812443228703946
"X1201714630",0.116248818426217
"X1201714631",0.120609368108285
"X1201714633",0.121063955966895
"X1201714634",0.110215343143072
"X1201714635",0.118253802514439
"X1201714636",0.135589522707977
"X1201714637",0.109590768349375
"X1201714639",0.141273513744554
"X1201714640",0.118674067424745
"X1201714641",0.11544218223788
"X1201714642",0.114680324391073
"X1201714644",0.136428428440089
"X1201714645",0.118807617777236
"X1201714646",0.111084427815579
"X1201714647",0.108889488020707
"X1201714648",0.124604005735654
"X1201714649",0.108456821328537
"X1201714650",0.122660887665818
"X1201714651",0.124142960605051
"X1201714652",0.115998428345564
"X1201714653",0.122693473554725
"X1201714654",0.119125914574403
"X1201714655",0.124312137279678
"X1201714657",0.102008219417355
"X1201714658",0.114493655023878
"X1201714659",0.141733283930854
"X1201714660",0.120610878127846
"X1201714661",0.121005133605517
"X1201714664",0.117373033350311
"X1201714665",0.113579727205048
"X1201714667",0.109606811638058
"X1201714668",0.115524274624409
"X1201714669",0.114039137061892
"X1201714670",0.127978652155258
"X1201714671",0.114857843302779
"X1201714672",0.14543089802381
"X1201714673",0.14397769788845
"X1201714674",0.125432902440145
"X1201714675",0.115227343329444
"X1201714676",0.141247608936715
"X1201714677",0.117106719010335
"X1201714678",0.11555896948784
"X1201714679",0.123369631999483
"X1201714680",0.12289889226722
"X1201714682",0.122572743973665
"X1201714683",0.126743128101328
"X1201714684",0.121058314100932
"X1201714685",0.86647400129515
"X1201714686",0.821676494063174
"X1201710620",0.131582200058392
"X1201710623",0.112486530954964
"X1201710631",0.10843378975934
"X1201710635",0.120160275036706
"X1201710637",0.127302387856554
"X1201714687",0.119495630639794
"X1201714688",0.138545814629048
"X1201714689",0.120914358806262
"X1201714690",0.125563718598985
"X1201714691",0.863964211635973
"X1201714692",0.109827548092602
"X1201714695",0.120393316822545
"X1201714696",0.810508843740625
"X1201714697",0.124269088169435
"X1201714698",0.121881610286483
"X1201714699",0.817517520572336
"X1201714704",0.123408505279126
"X1201714705",0.122204996987812
"X1201714706",0.112146234949039
"X1201714707",0.173320717965992
"X1201714710",0.801405681372976
"X1201714711",0.831216147328644
"X1201714713",0.17431390771229
"X1201714714",0.847483470941876
"X1201714716",0.123439918564432
"X1201714717",0.125857571133407
"X1201714719",0.845644086804865
"X1201714721",0.148589001849008
"X1201714722",0.782288104258939
"X1201714723",0.802493639334097
"X1201714724",0.123112782087935
"X1201714728",0.123041684688418
"X1201714729",0.116551235386067
"X1201714730",0.129494682346472
"X1201714731",0.123262227836503
"X1201714733",0.821277763535358
"X1201714735",0.833295628205774
"X1201714736",0.13477300638704
"X1201714739",0.141182760344147
"X1201714740",0.11880574156358
"X1201714741",0.833470031806997
"X1201714742",0.12612488950484
"X1201714744",0.831971865660496
"X1201714746",0.836410977887947
"X1201714747",0.114659118268012
"X1201714750",0.115180704843132
"X1201714751",0.13520559207493
"X1201714752",0.120616076116187
"X1201714753",0.792929784434583
"X1201714754",0.130819665422355
"X1201714755",0.124526481652713
"X1201714756",0.114904900578204
"X1201714757",0.120356174675186
"X1201714759",0.858674247146668
"X1201714760",0.827438212391942
"X1201710639",0.120881432160634
"X1201710640",0.105670763178689
"X1201710643",0.125761318976446
"X1201710645",0.110987021821711
"X1201710652",0.12731656591247
"X1201714761",0.123133304068685
"X1201714762",0.121403639226096
"X1201714765",0.115413979300709
"X1201714766",0.136494861220618
"X1201714768",0.122864555372585
"X1201714769",0.121390815630775
"X1201714771",0.119315102307347
"X1201714772",0.126827718960266
"X1201714773",0.119271555658782
"X1201714774",0.124136378435267
"X1201714775",0.116076205616977
"X1201714776",0.122497836842775
"X1201714777",0.112953339059201
"X1201714779",0.123401486563711
"X1201714780",0.125647724159139
"X1201714781",0.118514827744495
"X1201714782",0.119168820787843
"X1201714784",0.121076729577349
"X1201714785",0.121359733345256
"X1201714786",0.123876100632884
"X1201714787",0.809214965871569
"X1201714789",0.124227999774527
"X1201714790",0.180449132847604
"X1201714791",0.849808867252358
"X1201714844",0.144121809992297
"X1201714845",0.120960112143545
"X1201714847",0.12392580918047
"X1201714848",0.134768678534829
"X1201714850",0.125662183330942
"X1201714851",0.123979401011314
"X1201714852",0.809993427483696
"X1201714853",0.122429305492035
"X1201714855",0.128790923250432
"X1201714856",0.125167392094497
"X1201714857",0.122531274085049
"X1201714858",0.1252382250943
"X1201714860",0.119933540926758
"X1201714862",0.125779110929105
"X1201714863",0.840077185107231
"X1201714864",0.124140060160452
"X1201714865",0.118504358485012
"X1201714866",0.15927722358574
"X1201714867",0.863591261804555
"X1201714869",0.138720104586478
"X1201714870",0.83436438358583
"X1201714871",0.815989426943597
"X1201714872",0.81857315248388
"X1201714874",0.123366774696263
"X1201714875",0.820754515961137
"X1201714878",0.124791284755718
"X1201710655",0.828319901806224
"X1201710664",0.123468968060704
"X1201710666",0.116597484082771
"X1201710667",0.806541440875661
"X1201710668",0.124901356896967
"X1201714879",0.132498272678206
"X1201714880",0.129659169663902
"X1201714882",0.146700283562211
"X1201714883",0.127105028230198
"X1201714884",0.118708399923227
"X1201714887",0.128562544637594
"X1201714891",0.153529320059782
"X1201714892",0.123063795709752
"X1201714893",0.109620218481227
"X1201714894",0.128781441691613
"X1201714895",0.780382343941746
"X1201714896",0.119141585512526
"X1201714897",0.777448811633267
"X1201714898",0.119325631503502
"X1201714899",0.116453164347673
"X1201714900",0.828274526699538
"X1201714904",0.11331783410145
"X1201714906",0.115697917163163
"X1201714907",0.828856828415722
"X1201714909",0.133258713014461
"X1201714910",0.828051038633762
"X1201714911",0.127643502785856
"X1201714912",0.121187401268191
"X1201714913",0.114880450589431
"X1201714914",0.118327654065371
"X1201714915",0.115100087025703
"X1201714916",0.123404507313601
"X1201714917",0.125631558040068
"X1201714918",0.120476382124864
"X1201714919",0.134895682791518
"X1201714921",0.80296752451073
"X1201714925",0.129090238184141
"X1201714926",0.131226520214925
"X1201714928",0.127729426780174
"X1201714930",0.857645198109413
"X1201714931",0.141081016568695
"X1201714932",0.123038686543847
"X1201714933",0.870043283072467
"X1201714934",0.803024768478357
"X1201714937",0.858397635288708
"X1201714938",0.127692929458557
"X1201714939",0.709984762901296
"X1201714940",0.121901826777792
"X1201714943",0.115969000008867
"X1201714944",0.120055473149881
"X1201714945",0.114890923326349
"X1201714946",0.115812842162631
"X1201714948",0.133573557278029
"X1201714949",0.815851697404158
"X1201714950",0.132820578419492
"X1201710671",0.124446144538918
"X1201710672",0.116390454915134
"X1201710674",0.121478273543712
"X1201710676",0.866756064243438
"X1201714951",0.130025621871237
"X1201714952",0.114880602930267
"X1201714953",0.125899081268376
"X1201714954",0.117639971684351
"X1201714955",0.115879781294016
"X1201714956",0.125138926989469
"X1201714957",0.129531455840027
"X1201714958",0.114493806454735
"X1201714959",0.103429198158751
"X1201714960",0.126383393776061
"X1201714964",0.121468058387106
"X1201714965",0.122124584440643
"X1201714967",0.12109072082256
"X1201714969",0.117437128859866
"X1201714970",0.111844293906386
"X1201714972",0.125055125332208
"X1201714974",0.126588082062837
"X1201714975",0.117887286812557
"X1201714976",0.813869059619304
"X1201714977",0.129130127301288
"X1201714978",0.113405014227255
"X1201714979",0.607808503565039
"X1201714981",0.115638545107862
"X1201714983",0.133304233612586
"X1201714985",0.114738347411484
"X1201714988",0.108892404066623
"X1201714989",0.112346875337679
"X1201714990",0.105135508859784
"X1201714993",0.125437485804658
"X1201714994",0.123151330339278
"X1201714996",0.129709035621927
"X1201714997",0.117996678369306
"X1201714998",0.126741748608651
"X1201714999",0.790788668325653
"X1201715000",0.787571944392702
"X1201715001",0.841657368349205
"X1201715002",0.121865095842634
"X1201715003",0.12662497533347
"X1201715005",0.117312794072273
"X1201715006",0.128069150956793
"X1201715007",0.131078491608866
"X1201715008",0.206622870932407
"X1201715009",0.816895262101816
"X1201715010",0.114473926947006
"X1201715011",0.85865030184614
"X1201715012",0.117337714179783
"X1201715013",0.11805226644039
"X1201715014",0.124663971786412
"X1201715015",0.124837771756366
"X1201715017",0.114869185428664
"X1201710684",0.835417843915707
"X1201710685",0.119264582244893
"X1201710686",0.132035856490723
"X1201710688",0.121489266880537
"X1201710696",0.125029329523636
"X1201715018",0.11710637795979
"X1201715019",0.120107833056928
"X1201715020",0.12740434919403
"X1201715021",0.118534498297288
"X1201715022",0.118993760651174
"X1201715023",0.865222346408528
"X1201715024",0.121076256091898
"X1201715025",0.822448789761694
"X1201715026",0.858485955481754
"X1201715027",0.127860393828641
"X1201715028",0.816870294737307
"X1201715029",0.813092759648629
"X1201715031",0.813397833131173
"X1201715032",0.831137411400791
"X1201715033",0.547566214537701
"X1201715035",0.121201998759056
"X1201715036",0.840047284341548
"X1201715037",0.803131758309944
"X1201715039",0.121672890512587
"X1201715040",0.112221825648816
"X1201715041",0.111049258144636
"X1201715042",0.11999127381016
"X1201715043",0.126216992791232
"X1201715044",0.129748965538232
"X1201715045",0.833940336621207
"X1201715047",0.815688359573916
"X1201715049",0.12650806599226
"X1201715050",0.843159823090762
"X1201715052",0.119390652529544
"X1201715053",0.112269947054173
"X1201715054",0.135230015853271
"X1201715055",0.123181294019716
"X1201715056",0.819721730078455
"X1201715058",0.856033398474561
"X1201715059",0.123989747270754
"X1201715061",0.127994420358919
"X1201715063",0.776516926525198
"X1201715065",0.125528169699374
"X1201715066",0.12736716031617
"X1201715068",0.127957291173941
"X1201715069",0.804016255400698
"X1201715072",0.834340549968019
"X1201715074",0.835174851598724
"X1201715075",0.201677755318101
"X1201715077",0.131818319664399
"X1201715078",0.127740246211814
"X1201715079",0.120989206468666
"X1201715081",0.119711799246119
"X1201715082",0.819097805339752
"X1201715083",0.119342953777706
"X1201710697",0.123134202374218
"X1201710702",0.132551342355206
"X1201710705",0.12736968082996
"X1201710707",0.856412785643079
"X1201715084",0.830884549263174
"X1201715085",0.835262226083224
"X1201715086",0.808923829000588
"X1201715087",0.12294678638824
"X1201715090",0.827242062615291
"X1201715091",0.152022614143633
"X1201715092",0.83883243420288
"X1201715093",0.793225447634163
"X1201715094",0.817479612995113
"X1201715095",0.138783840344444
"X1201715096",0.115544117722396
"X1201715097",0.802445866139083
"X1201715098",0.829525424878095
"X1201715099",0.111829942685143
"X1201715100",0.12375434955315
"X1201715101",0.819783502576867
"X1201715103",0.123967782632161
"X1201715104",0.128808938787935
"X1201715105",0.133230128514735
"X1201715106",0.125573834533848
"X1201715108",0.886128605535016
"X1201715109",0.126738248028459
"X1201715110",0.12491255105885
"X1201715112",0.128020995638474
"X1201715113",0.131843643261795
"X1201715114",0.124726841598551
"X1201715115",0.883193291272976
"X1201715116",0.121246959916357
"X1201715117",0.115298241140489
"X1201715118",0.125585275337824
"X1201715120",0.126995570670578
"X1201715121",0.131469712668363
"X1201715122",0.125141015930476
"X1201715123",0.137433293654294
"X1201715124",0.128491922380837
"X1201715128",0.131552233832015
"X1201715130",0.796446830749528
"X1201715131",0.813547578205797
"X1201715132",0.121006338158215
"X1201715133",0.122415640195074
"X1201715134",0.848712492829488
"X1201715135",0.858738567346581
"X1201715136",0.838689810303934
"X1201715137",0.119686608015779
"X1201715138",0.794132700824442
"X1201715139",0.12213525542058
"X1201715143",0.129356920712134
"X1201715145",0.121519358044393
"X1201715147",0.123292831556579
"X1201710712",0.123735761238038
"X1201710714",0.121121667150119
"X1201710717",0.123292450327818
"X1201710720",0.122570318190816
"X1201710726",0.130438554678125
"X1201715150",0.837377385097493
"X1201715151",0.126987859512499
"X1201715152",0.129475448149646
"X1201715153",0.809823371193062
"X1201715154",0.132253414062903
"X1201715155",0.127208979729767
"X1201715158",0.122027396981902
"X1201715159",0.844316100219305
"X1201715160",0.116568315196698
"X1201715161",0.127129233533771
"X1201715163",0.850226240083897
"X1201715165",0.123537085580681
"X1201715167",0.120040252584535
"X1201715169",0.125132904270794
"X1201715170",0.124646469119865
"X1201715171",0.127739870668704
"X1201715172",0.123154779598809
"X1201715174",0.128583747037032
"X1201715175",0.870539102557977
"X1201715176",0.127367864344133
"X1201715177",0.12549389125326
"X1201715178",0.840305974793344
"X1201715179",0.125697446167346
"X1201715180",0.126891469525289
"X1201715182",0.133609734045452
"X1201715183",0.118174828746808
"X1201715185",0.130563437876025
"X1201715186",0.137527465706898
"X1201715188",0.12027253312629
"X1201715189",0.132739396449601
"X1201715190",0.129763938217636
"X1201715192",0.139140654136623
"X1201715196",0.12449732157333
"X1201715198",0.122379634883762
"X1201715200",0.125805286052217
"X1201715201",0.123942898339735
"X1201715203",0.817656927578553
"X1201715204",0.819390876738246
"X1201715205",0.130761824421974
"X1201715206",0.124529227903227
"X1201715208",0.117245715759905
"X1201715209",0.122579787257057
"X1201715210",0.851679475905725
"X1201715212",0.121942901571326
"X1201715213",0.134543229450645
"X1201715216",0.116425794182611
"X1201715218",0.127916763754987
"X1201715220",0.154219700422641
"X1201715221",0.128143942197694
"X1201715222",0.124941280100341
"X1201710727",0.115856304923711
"X1201710728",0.117567852024792
"X1201710729",0.122232627846907
"X1201710730",0.12204604706013
"X1201710731",0.12162129965534
"X1201715223",0.123071317463456
"X1201715224",0.129093834397321
"X1201715225",0.125097586195638
"X1201715226",0.121055907407352
"X1201715228",0.111966928707313
"X1201715231",0.127123001044438
"X1201715232",0.126952958669942
"X1201715233",0.826633712441291
"X1201715235",0.125825088751652
"X1201715236",0.146867579507909
"X1201715237",0.121392445055688
"X1201715238",0.124463975908289
"X1201715240",0.155334587768656
"X1201715243",0.12474571710484
"X1201715244",0.123144122757339
"X1201715245",0.129284849461976
"X1201715246",0.794274690226184
"X1201715248",0.119651880773413
"X1201715249",0.129381872372046
"X1201715250",0.680180578873089
"X1201715251",0.124148944071925
"X1201715252",0.131772793833087
"X1201715254",0.834507738676466
"X1201715255",0.129241067456995
"X1201715256",0.126181490774404
"X1201715257",0.125752475040878
"X1201715258",0.846499168664961
"X1201715259",0.808571771852335
"X1201715260",0.851364073459734
"X1201715261",0.134564825363194
"X1201715262",0.124552326862469
"X1201715264",0.153008060011991
"X1201715265",0.132917410236638
"X1201715266",0.134254973808544
"X1201715267",0.127214008260913
"X1201715268",0.843950359975814
"X1201715269",0.117866910044764
"X1201715270",0.122049408204543
"X1201715271",0.122286770862929
"X1201710308",0.120503505714699
"X1201710314",0.126430864743101
"X1201710328",0.837626324140056
"X1201710329",0.119040734835795
"X1201710337",0.127125552711661
"X1201715272",0.122720197156455
"X1201715273",0.849330767864894
"X1201715274",0.124148194628358
"X1201715276",0.110036337652047
"X1201715277",0.163810446992004
"X1201715278",0.116576296392067
"X1201715280",0.865382757799347
"X1201715281",0.127204637324015
"X1201715283",0.831776416552302
"X1201715284",0.122229147712139
"X1201710732",0.666347267065618
"X1201710734",0.112273730381502
"X1201710737",0.118241563708096
"X1201710740",0.11966327390968
"X1201710741",0.812187369913049
"X1201715285",0.129721706313292
"X1201715286",0.126496763884524
"X1201715288",0.126605043123655
"X1201715289",0.122986978780072
"X1201715290",0.126289858643771
"X1201715291",0.127676505435467
"X1201715293",0.136725686137156
"X1201715294",0.117472257275852
"X1201715295",0.124159894889832
"X1201715298",0.823194477675504
"X1201715299",0.836766974584809
"X1201715300",0.121720663117516
"X1201715302",0.127162259172693
"X1201715303",0.150824063174742
"X1201715304",0.814185839210519
"X1201715305",0.12893924352404
"X1201715306",0.884279891657422
"X1201715307",0.125252609956979
"X1201715308",0.135184816595099
"X1201715309",0.129392427139545
"X1201715311",0.127033662790483
"X1201715312",0.128837692848892
"X1201715314",0.123534630324061
"X1201715316",0.121988457520512
"X1201715317",0.126781960693411
"X1201715318",0.136155034908535
"X1201715320",0.124338115539055
"X1201715321",0.127800524291056
"X1201715322",0.138171715858749
"X1201715323",0.840941056312902
"X1201715324",0.126232347871605
"X1201715325",0.119655950331852
"X1201715326",0.127722751812165
"X1201715327",0.120444200202077
"X1201715328",0.124124583349069
"X1201715329",0.131532716481851
"X1201715330",0.133794148032223
"X1201715331",0.117717987640858
"X1201715334",0.119489104752368
"X1201715335",0.126230820060388
"X1201715337",0.125275765087503
"X1201715338",0.12496259227233
"X1201715339",0.812290635668684
"X1201715340",0.830644184852108
"X1201715341",0.12127603751318
"X1201715342",0.822490079723297
"X1201715343",0.117105863528172
"X1201715346",0.128914206781953
"X1201715347",0.126286608722606
"X1201715349",0.120097222806072
"X1201710743",0.849013630107557
"X1201710745",0.14210940586501
"X1201710749",0.117784786453896
"X1201710761",0.124973861030636
"X1201710763",0.84015058946788
"X1201715350",0.119072898691945
"X1201715351",0.120375681280339
"X1201715352",0.830648644134898
"X1201715353",0.137261889445108
"X1201715354",0.837910424732282
"X1201715355",0.122787825893489
"X1201715356",0.132866193519835
"X1201715357",0.130811480994174
"X1201715358",0.128133084243965
"X1201715360",0.143322582160664
"X1201715361",0.12393920349395
"X1201715363",0.125818883792482
"X1201715364",0.127429045161332
"X1201715365",0.127718773060886
"X1201715367",0.1282593880454
"X1201715368",0.838642362797521
"X1201715370",0.120035339094461
"X1201715371",0.126706101900212
"X1201715374",0.124174537512048
"X1201715375",0.133249940623098
"X1201715376",0.118394447522478
"X1201715377",0.812066468551244
"X1201715380",0.12518141857194
"X1201715381",0.832715849627667
"X1201715382",0.815311174767246
"X1201715383",0.126658251778425
"X1201715384",0.855043894149182
"X1201715385",0.1193221650671
"X1201715386",0.122576563537344
"X1201715387",0.12249059406039
"X1201715388",0.123753794482902
"X1201715390",0.114732894006579
"X1201715391",0.129876250557082
"X1201715393",0.838511575133664
"X1201715394",0.848704933471154
"X1201715396",0.120591847234425
"X1201715397",0.127893560379572
"X1201715398",0.825626590010481
"X1201715400",0.132971372962768
"X1201715403",0.129290785364487
"X1201715404",0.124611940015991
"X1201715406",0.829056961373618
"X1201715407",0.126051991726717
"X1201715409",0.389246409415964
"X1201715411",0.795297914949142
"X1201715414",0.121926726518161
"X1201715415",0.115912764406068
"X1201715416",0.848757545117949
"X1201715417",0.148797473665949
"X1201710765",0.117248890977404
"X1201710766",0.121469342492331
"X1201710767",0.114959043232347
"X1201710768",0.131463542558901
"X1201710770",0.847038168963084
"X1201715418",0.842935513241287
"X1201715419",0.0957996353109904
"X1201715421",0.156240235748126
"X1201715425",0.128522700571919
"X1201715426",0.126295532880073
"X1201715427",0.129820651869732
"X1201715429",0.119266126197164
"X1201715430",0.127703341857786
"X1201715431",0.129819086730005
"X1201715432",0.190185546998963
"X1201715433",0.122345482642701
"X1201715435",0.84400349038654
"X1201715436",0.130782236496627
"X1201715437",0.123836457915325
"X1201715438",0.842153496369828
"X1201715440",0.14762883422867
"X1201715441",0.128525533978165
"X1201715442",0.123524356867978
"X1201715443",0.824211862424357
"X1201715444",0.119874111488008
"X1201715446",0.127366780397526
"X1201715448",0.1288204174749
"X1201715449",0.816804285311117
"X1201715450",0.860959409308772
"X1201715451",0.130374718685175
"X1201715453",0.128107956917344
"X1201715454",0.1221180709041
"X1201715455",0.143028526690514
"X1201715456",0.838736594933546
"X1201715457",0.125650552406169
"X1201715459",0.126202423435809
"X1201715461",0.128594657588567
"X1201715462",0.759246924615597
"X1201715463",0.117730801268878
"X1201715464",0.12318331806775
"X1201715465",0.184145087822662
"X1201715466",0.125946931325329
"X1201715467",0.849106671033
"X1201715471",0.12188641531239
"X1201715472",0.831292529791825
"X1201715473",0.122142490237116
"X1201715474",0.12712238981434
"X1201715475",0.121312677677375
"X1201715476",0.125218438816902
"X1201715477",0.123241705555655
"X1201715478",0.116223849240839
"X1201715479",0.124457441151991
"X1201715480",0.123031729996076
"X1201715482",0.818536406512432
"X1201715484",0.124010364220976
"X1201710772",0.120939712986725
"X1201710773",0.124893688929366
"X1201710775",0.113888871886614
"X1201710777",0.123063264167328
"X1201715485",0.144441662670748
"X1201715486",0.122667684209528
"X1201715487",0.127271808785031
"X1201715488",0.128515593078118
"X1201715491",0.129221981434738
"X1201715492",0.114709666618503
"X1201715493",0.121861272527842
"X1201715494",0.125115999955323
"X1201715495",0.137293703512642
"X1201715496",0.123089415869585
"X1201715497",0.126356080747599
"X1201715498",0.12954357036975
"X1201715499",0.126059322058284
"X1201715502",0.127350968853648
"X1201715511",0.121523291708936
"X1201715512",0.843843554835045
"X1201715513",0.129591100211894
"X1201715515",0.125056804220797
"X1201715518",0.126301294082024
"X1201715519",0.137707318244334
"X1201715520",0.85808371960614
"X1201715524",0.118591204493919
"X1201715525",0.128387783265599
"X1201715526",0.126918329075334
"X1201715527",0.8150055567096
"X1201715528",0.127213965194481
"X1201715530",0.892197816297963
"X1201715531",0.138032386501745
"X1201715533",0.127098952990012
"X1201715534",0.132362860742734
"X1201715535",0.128844815293968
"X1201715536",0.826585289532568
"X1201715538",0.124244150740649
"X1201715540",0.12521088384412
"X1201715541",0.125199517464671
"X1201715543",0.13269203510656
"X1201715545",0.127833715441739
"X1201715546",0.145106656341498
"X1201715547",0.119483008046673
"X1201715548",0.139883690016135
"X1201715549",0.140339184328531
"X1201715550",0.128187738906403
"X1201715551",0.829238992421021
"X1201715552",0.15486730024411
"X1201715553",0.126981053027081
"X1201715554",0.118286154410884
"X1201715555",0.830078042155381
"X1201715557",0.113810439134385
"X1201715558",0.127955078211867
"X1201710778",0.124865890044977
"X1201710780",0.121560150593948
"X1201710785",0.835591854563638
"X1201710787",0.115317193712748
"X1201710790",0.140175490864675
"X1201715559",0.123965712807241
"X1201715562",0.118364701622819
"X1201715564",0.129600672727353
"X1201715565",0.129653599530354
"X1201715566",0.12569754672261
"X1201715567",0.130118984272216
"X1201715568",0.130308806967019
"X1201715570",0.178671974962349
"X1201715571",0.126144958336132
"X1201715572",0.126788714542028
"X1201715573",0.128624747674312
"X1201715574",0.128892673129419
"X1201715575",0.121479467832599
"X1201715577",0.827205316119772
"X1201715578",0.125587334468183
"X1201715579",0.123770358182782
"X1201715580",0.123987643133703
"X1201715581",0.122064176225337
"X1201715582",0.135120915199876
"X1201715583",0.126207235067173
"X1201715585",0.124781482026024
"X1201715586",0.126481561984666
"X1201715587",0.154354878847621
"X1201715588",0.823522791676154
"X1201715589",0.125294603272422
"X1201715590",0.124604268603285
"X1201715591",0.120609281892268
"X1201715592",0.125381263766708
"X1201715593",0.133050012218721
"X1201715594",0.124142955587745
"X1201715595",0.119840318611426
"X1201715596",0.821678424531695
"X1201715597",0.140304777342429
"X1201715598",0.11828541219777
"X1201715599",0.12796643048821
"X1201715600",0.822836507019437
"X1201715601",0.165016508449993
"X1201715603",0.133729015478498
"X1201715605",0.139665791462705
"X1201715607",0.128612568238887
"X1201715608",0.126317848413321
"X1201715610",0.127654244891727
"X1201715614",0.852945016884533
"X1201715616",0.142906401055101
"X1201715620",0.119272845120233
"X1201715621",0.122414028901925
"X1201715623",0.822332720914961
"X1201715626",0.127681254784368
"X1201715627",0.837126802084686
"X1201715628",0.860667536117487
"X1201710798",0.106370685414133
"X1201710800",0.124047654568878
"X1201710805",0.126575993318712
"X1201710806",0.826045115918853
"X1201710811",0.12464292843578
"X1201715629",0.866337721420533
"X1201715633",0.899679881738188
"X1201715638",0.127470429211779
"X1201715640",0.88100554501532
"X1201715641",0.124318090294836
"X1201715643",0.127553571313459
"X1201715646",0.795903231014178
"X1201715648",0.113649625191304
"X1201715649",0.129358334324333
"X1201715651",0.104990301598766
"X1201715653",0.124454679913199
"X1201715656",0.127861913787386
"X1201715657",0.803484552887188
"X1201715662",0.134196762892413
"X1201715663",0.19640777595612
"X1201715664",0.130559413691808
"X1201715665",0.821676404362645
"X1201715668",0.116985346204513
"X1201715669",0.160538270983125
"X1201715670",0.128044633484069
"X1201715671",0.821701621958166
"X1201715672",0.12929117775321
"X1201715673",0.118883444389332
"X1201715675",0.130705848635604
"X1201715678",0.84845860929951
"X1201715679",0.117442411389505
"X1201715681",0.130875259566799
"X1201715682",0.121292781834366
"X1201715683",0.114963898648752
"X1201715692",0.118736492043938
"X1201715694",0.804884086955737
"X1201715699",0.111640961479447
"X1201715700",0.115830086069475
"X1201715701",0.826877809174126
"X1201715702",0.127028395899832
"X1201715706",0.80068566117235
"X1201715707",0.825501806803254
"X1201715709",0.828066686197095
"X1201715710",0.842059853640404
"X1201715711",0.121174250239673
"X1201715712",0.120883055929662
"X1201715713",0.12556378655711
"X1201715715",0.793556728745606
"X1201715716",0.112994784345655
"X1201715717",0.127040576968688
"X1201715718",0.123663648201838
"X1201715719",0.131902650680006
"X1201715720",0.120916351775511
"X1201715721",0.128771648205529
"X1201715722",0.114743113596246
"X1201710819",0.144029780906097
"X1201710832",0.115280502659838
"X1201710833",0.123613544770505
"X1201710834",0.12012364211161
"X1201710835",0.11145147181531
"X1201715723",0.125086450526764
"X1201715725",0.83251984129786
"X1201715726",0.136352814419491
"X1201715727",0.116349410082576
"X1201715731",0.797630115863613
"X1201715732",0.123559038532285
"X1201715733",0.123971933690915
"X1201715735",0.123730136104697
"X1201715736",0.126556467086632
"X1201715737",0.129671389929367
"X1201715738",0.119937638522798
"X1201715739",0.121275892128596
"X1201715740",0.121825956733684
"X1201715741",0.125866716384393
"X1201715742",0.846060912136167
"X1201715743",0.856289267785533
"X1201715744",0.116642581816624
"X1201715746",0.129371328685113
"X1201715751",0.130829613273972
"X1201715752",0.123257164712737
"X1201715754",0.85495556931286
"X1201715755",0.117988764306197
"X1201715756",0.796664015779969
"X1201715757",0.1686119824914
"X1201715758",0.844107537147632
"X1201715759",0.125157497949038
"X1201715764",0.12815716876776
"X1201715771",0.189417506045229
"X1201715772",0.816270697327679
"X1201715773",0.810927445104941
"X1201715776",0.152222342387761
"X1201715778",0.85963182575673
"X1201715781",0.143346275374591
"X1201715783",0.814541259931587
"X1201715785",0.129433344398213
"X1201715786",0.753267573695948
"X1201715787",0.131396013225314
"X1201715789",0.88148612414509
"X1201715790",0.841558586820706
"X1201715793",0.188883860240919
"X1201715797",0.859272694460886
"X1201715798",0.821879656442624
"X1201715800",0.122444851164619
"X1201715801",0.841137219811026
"X1201715802",0.131093068358997
"X1201715804",0.833848515130201
"X1201715807",0.138385749169152
"X1201715808",0.783098134472931
"X1201715809",0.125024647880904
"X1201715810",0.840534928428816
"X1201710836",0.801810200180721
"X1201710838",0.154882143210202
"X1201710849",0.106743661393548
"X1201710850",0.116165605050498
"X1201710854",0.125277392353991
"X1201715811",0.113173572382244
"X1201715813",0.12551919447675
"X1201715814",0.122539056265096
"X1201715815",0.126144741811407
"X1201715816",0.114950355322531
"X1201715817",0.130068359654456
"X1201715818",0.136221351196262
"X1201715819",0.202201063263059
"X1201715820",0.115493546743734
"X1201715821",0.119356359443456
"X1201715822",0.115006020641537
"X1201715827",0.124673003851596
"X1201715829",0.126081183535476
"X1201715831",0.125788893879006
"X1201715832",0.13824587674328
"X1201715833",0.846813021218915
"X1201715835",0.125749501787164
"X1201715838",0.861463293083968
"X1201715839",0.125099161349687
"X1201715841",0.127442512688518
"X1201715842",0.146688659771806
"X1201715843",0.123852748149289
"X1201715847",0.825969259095784
"X1201715849",0.852497550052326
"X1201715850",0.124653753856255
"X1201715851",0.124621626851288
"X1201715854",0.145459297575381
"X1201715855",0.127157577476414
"X1201715858",0.859763262517324
"X1201715860",0.116401970909328
"X1201715862",0.798191369309154
"X1201715865",0.0940525454780965
"X1201715868",0.807230419538377
"X1201715872",0.834131137007735
"X1201715874",0.131847568217779
"X1201715875",0.11688626556987
"X1201715876",0.194972389895995
"X1201715877",0.128225465412239
"X1201715878",0.797201423465011
"X1201715879",0.119986238551738
"X1201715880",0.112649042456979
"X1201715881",0.127946442596485
"X1201715883",0.871380022659578
"X1201715884",0.820046738739351
"X1201715885",0.119205301025733
"X1201715886",0.828790658647975
"X1201715887",0.123714458504507
"X1201715888",0.118185091484948
"X1201715889",0.829000103449122
"X1201715890",0.824017481136445
"X1201710856",0.123839386520773
"X1201710861",0.127210789365685
"X1201710862",0.116923971270386
"X1201710863",0.12491856394535
"X1201710864",0.798596105416007
"X1201715894",0.810606882759862
"X1201715895",0.12434292199292
"X1201715896",0.815180680680872
"X1201715901",0.120696354073945
"X1201715935",0.113539133818712
"X1201715945",0.80971346686694
"X1201715946",0.131358734144587
"X1201715947",0.135257399591899
"X1201715948",0.12174012475975
"X1201715950",0.139770548733938
"X1201715952",0.799422151586267
"X1201715953",0.836659406111569
"X1201715954",0.81157977922704
"X1201715955",0.86551498070589
"X1201715956",0.835281936223422
"X1201715958",0.124976164488758
"X1201715959",0.824422523689351
"X1201715960",0.829843637844625
"X1201715961",0.125900162811028
"X1201715962",0.822768469028949
"X1201715963",0.833893354109288
"X1201715964",0.108456858578332
"X1201715965",0.798662069964173
"X1201715967",0.840713086126659
"X1201715968",0.784049974746959
"X1201715969",0.841120565892023
"X1201715970",0.124504724204746
"X1201715971",0.113387288169213
"X1201715972",0.12280574413333
"X1201715973",0.124394814545553
"X1201715977",0.12487777026718
"X1201715979",0.128732173617774
"X1201715980",0.125207435910246
"X1201715983",0.134275417200245
"X1201715984",0.868005176468659
"X1201716039",0.124779476495912
"X1201716040",0.797675977285463
"X1201716044",0.843694309072631
"X1201716047",0.8521815467122
"X1201716049",0.805162751993824
"X1201716052",0.119179789059937
"X1201716053",0.136608639416932
"X1201716055",0.123895627441947
"X1201716056",0.120640657222123
"X1201716058",0.121389740869282
"X1201716061",0.128963091113509
"X1201716062",0.122561929872083
"X1201716063",0.131415035926264
"X1201716064",0.822742295249206
"X1201710865",0.119652129447189
"X1201710876",0.864145498452496
"X1201710877",0.116872942804756
"X1201710884",0.116068548807256
"X1201710885",0.112413569466507
"X1201716068",0.135235597203886
"X1201716069",0.132976306391135
"X1201716070",0.836398897538562
"X1201716071",0.114861848430482
"X1201716073",0.855190633733998
"X1201716075",0.114119709292296
"X1201716076",0.127984201786249
"X1201716078",0.822305612837803
"X1201716079",0.811948770990552
"X1201716080",0.120704409514869
"X1201716081",0.116528023133341
"X1201716082",0.831489523349792
"X1201716084",0.827748206977643
"X1201716097",0.123333896706134
"X1201716098",0.135039413606597
"X1201716104",0.780160080010796
"X1201716108",0.12001907582491
"X1201716117",0.824232074974801
"X1201716131",0.129892603876717
"X1201716136",0.124125887351959
"X1201716139",0.778376271840419
"X1201716141",0.11872542698046
"X1201716142",0.117461430694436
"X1201716143",0.807717332707454
"X1201716144",0.11115421061269
"X1201716145",0.82293950005489
"X1201716146",0.121340898908676
"X1201716147",0.838186828830619
"X1201716148",0.124012081098571
"X1201716149",0.142841692394274
"X1201716150",0.116858270527042
"X1201716151",0.120742433790954
"X1201716152",0.131095460144183
"X1201716153",0.121440900782977
"X1201716154",0.133862206268924
"X1201716155",0.126272557044947
"X1201716158",0.826706309048671
"X1201716159",0.12553101857469
"X1201716160",0.126741172000054
"X1201710341",0.115887257812317
"X1201710348",0.836074167603743
"X1201710350",0.12756843030305
"X1201710353",0.12011018864884
"X1201716161",0.11995991665844
"X1201716162",0.204466817948969
"X1201716165",0.121767253953811
"X1201716167",0.118460026290283
"X1201716172",0.443636543178818
"X1201716177",0.123172247914258
"X1201716178",0.110967762948902
"X1201716179",0.130763474328164
"X1201716181",0.127918589676625
"X1201716182",0.129988110249789
"X1201710888",0.118026587270726
"X1201711096",0.127425831909035
"X1201711098",0.139216314004105
"X1201711100",0.122847404321933
"X1201716183",0.124704060700222
"X1201716184",0.126731621521134
"X1201716185",0.157145838944778
"X1201716187",0.842174989547649
"X1201716188",0.779093520908311
"X1201716191",0.815633800243521
"X1201716193",0.123840447181814
"X1201716240",0.123163983254922
"X1201716241",0.121961550506088
"X1201716244",0.804292586314973
"X1201716247",0.115189760126501
"X1201716249",0.126790290385408
"X1201716265",0.835936488030467
"X1201716270",0.829875476069153
"X1201716272",0.139457531798304
"X1201716273",0.127894177963463
"X1201716276",0.828260702605809
"X1201716280",0.113553181445221
"X1201716281",0.1273529837517
"X1201716285",0.862522193549992
"X1201716286",0.126762023507663
"X1201716293",0.835722028444994
"X1201716294",0.127714363068658
"X1201711101",0.129658386859498
"X1201711107",0.80127780441036
"X1201711120",0.817988909173888
"X1201711122",0.109339785432557
"X1201716297",0.79482393445362
"X1201716298",0.150977000770032
"X1201716299",0.829020006139408
"X1201716300",0.125391134013538
"X1201716332",0.123967696132961
"X1201716335",0.125312884617152
"X1201716338",0.11928550554301
"X1201716339",0.1258018335959
"X1201716348",0.124339447773002
"X1201716349",0.125499292177871
"X1201716351",0.131860360094141
"X1201711124",0.113816716313569
"X1201711128",0.114813170377287
"X1201711130",0.813875757843807
"X1201711141",0.103705199248106
"X1201711144",0.11500888893894
"X1201716366",0.126004297408779
"X1201716368",0.117664762660066
"X2201710415",0.142433369018235
"X2201710416",0.115311455389105
"X2201710417",0.12557489532439
"X2201710418",0.122191611530759
"X2201713482",0.849594790501799
"X2201713535",0.125733879633184
"X2201714151",0.117495040628647
"X2201714571",0.128079663282882
"X2201714587",0.123299825408059
"X2201714611",0.832501419487143
"X6201710279",0.123858086218732
"X6201710286",0.125105971831269
"X6201710298",0.78381701883791
"X6201710320",0.12636007130243
"X6201710343",0.815135962240517
"X6201710380",0.129908569436654
"X6201710444",0.130262411923499
"X6201710445",0.118324096264975
"X6201710446",0.138429531962124
"X6201710447",0.12449383287382
"X6201710449",0.126155884888897
"X6201710451",0.84763880283602
"X6201710452",0.119444666241333
"X6201710453",0.136858043122736
"X6201710454",0.124314219583144
"X6201710461",0.114026537638873
"X6201710488",0.834782931037258
"X6201710512",0.126947514052962
"X6201710530",0.116713628142512
"X6201710556",0.1305516217498
"X6201710560",0.138668048088079
"X6201710568",0.12642661641299
"X1201711151",0.121485532732693
"X1201711153",0.122595263677715
"X1201711155",0.120333970667685
"X1201711156",0.1289205598608
"X1201711157",0.819190681543583
"X6201710573",0.128672428072031
"X6201710580",0.126462721236741
"X6201710601",0.17349465176899
"X6201710610",0.126454369097731
"X6201710617",0.12489507091744
"X6201710619",0.118138839924008
"X6201710621",0.126454170999518
"X6201710622",0.123108456360709
"X6201710626",0.129739824727254
"X6201710627",0.128063346601575
"X6201710633",0.122501364453563
"X6201710644",0.125892181314383
"X6201710651",0.123695167784113
"X6201710656",0.119806576122627
"X6201710659",0.12343852909958
"X6201710660",0.119512205677775
"X6201710669",0.12860583574367
"X6201710675",0.123522697523712
"X6201710677",0.12549410786439
"X6201710679",0.130090249273767
"X6201710683",0.12381302176862
"X6201710687",0.129449413347869
"X6201710693",0.122297771546788
"X6201710700",0.220736342523079
"X6201710706",0.117064259029124
"X6201710722",0.123383609985116
"X6201710733",0.122756010138545
"X6201710742",0.121794539903693
"X6201710748",0.11777464051892
"X6201710752",0.863752871235836
"X6201710754",0.116594100979191
"X6201710755",0.125135170013673
"X6201710771",0.131700138230956
"X6201710779",0.886652780357435
"X6201710782",0.120309968072803
"X6201710784",0.12802187638941
"X6201710788",0.118086289744151
"X6201710797",0.126551369166861
"X6201710799",0.808736326530057
"X6201710814",0.123533765322559
"X6201710815",0.152981077266461
"X6201710818",0.124389590888203
"X6201710828",0.126937873041404
"X6201710829",0.849326251027014
"X6201710830",0.512651432439568
"X6201710839",0.121061937764453
"X6201710859",0.12161138069035
"X6201710869",0.120387292245989
"X6201710871",0.122456295390443
"X1201711161",0.119959982684791
"X1201711166",0.812805949591917
"X1201711167",0.11188856625656
"X1201711170",0.123506630404851
"X1201711171",0.811222241063696
"X6201710880",0.122036067563243
"X6201710881",0.127903490094401
"X6201711099",0.123698422400073
"X6201711105",0.137646445966277
"X6201711106",0.349164843898871
"X6201711113",0.124550161012976
"X6201711121",0.120943452102297
"X6201711123",0.117624149976508
"X6201711127",0.117550571273764
"X6201711129",0.115778802497816
"X6201711131",0.137996262033522
"X6201711132",0.13191378413218
"X6201711134",0.121221268274907
"X6201711135",0.131101803802553
"X6201711136",0.120233234301573
"X6201711143",0.123599744902466
"X6201711145",0.119047274015199
"X6201711154",0.11026810758266
"X6201711158",0.115943941504022
"X6201711159",0.122865944374366
"X6201711160",0.120817579259173
"X6201711163",0.119187849030104
"X6201711165",0.130340765684748
"X6201711168",0.125826818497453
"X6201711169",0.689428456119295
"X6201711172",0.121851381003266
"X6201711173",0.122415359686604
"X6201711176",0.126166268110033
"X6201711178",0.124798669097334
"X6201711183",0.12072697273915
"X6201711185",0.110874417989737
"X6201711187",0.133623148970941
"X6201711193",0.12341281151075
"X6201712298",0.121615238384539
"X6201712300",0.120255033187158
"X6201712302",0.128068268979562
"X6201712314",0.121488309212375
"X6201712318",0.120283207401888
"X6201712320",0.829964931092055
"X6201712324",0.12533932167152
"X6201712332",0.131484590542033
"X6201712340",0.119029221655328
"X6201712344",0.126498598139723
"X6201712346",0.122027208414232
"X6201712348",0.136320600113275
"X6201712354",0.13493233789281
"X6201712356",0.126212261665009
"X6201712364",0.123526477372051
"X1201711174",0.128940475522361
"X1201711184",0.12321213626306
"X1201711190",0.120087829876766
"X1201711192",0.117343741801758
"X1201711194",0.111774658826355
"X6201712368",0.1257610295464
"X6201712370",0.124907002454743
"X6201712392",0.122823306074981
"X6201712406",0.117796221960059
"X6201712408",0.135586740084673
"X6201712414",0.123295522879422
"X6201712418",0.121304348236673
"X6201712424",0.121011066479004
"X6201712456",0.787078453373432
"X6201712462",0.126121860126342
"X6201712484",0.12292608567826
"X6201712486",0.135580254226215
"X6201712492",0.842759578221823
"X6201712512",0.124053330855971
"X6201712515",0.122558985214922
"X6201712524",0.122669827153434
"X6201712534",0.134263552823762
"X6201712547",0.130926384096427
"X6201712550",0.124891506729521
"X6201712556",0.119420159202843
"X6201712558",0.122073100665412
"X6201712560",0.123009646363901
"X6201712566",0.120965478946263
"X6201712606",0.118984851436708
"X6201712608",0.111330540875485
"X6201712610",0.12087857573286
"X6201712622",0.126113262206735
"X6201712626",0.137931689227438
"X6201712642",0.14687796125984
"X6201712658",0.1235789949687
"X6201712666",0.119217514994806
"X6201712668",0.106079004313951
"X6201712670",0.1284351710631
"X6201712684",0.128889806435714
"X6201712686",0.840850571313345
"X6201712746",0.118425310536102
"X6201713263",0.127812259115873
"X6201713315",0.130055309461559
"X6201713317",0.114075269930779
"X6201713337",0.12117754410706
"X6201713338",0.848338533405834
"X6201713396",0.11634051666677
"X6201713397",0.12392251377349
"X6201713398",0.446468081524687
"X6201713401",0.118607644337182
"X6201713403",0.123153036548806
"X1201711195",0.827883222220016
"X1201711916",0.134692603291382
"X1201712299",0.119353938488196
"X1201712301",0.115836816284785
"X1201712303",0.118959346071067
"X6201713405",0.847874024379216
"X6201713406",0.117149313444492
"X6201713408",0.160682429182122
"X6201713410",0.121364885063173
"X6201713413",0.118349836312724
"X6201713414",0.115983841768823
"X6201713415",0.115521841508755
"X6201713417",0.116320139196243
"X6201713419",0.137116975763281
"X6201713420",0.868377365805075
"X6201713421",0.115544794934028
"X6201713423",0.119372062468536
"X6201713424",0.114479218782696
"X6201713425",0.120687978274368
"X6201713427",0.128843702788359
"X6201713429",0.124964989035538
"X6201713430",0.127232071231642
"X6201713431",0.129830769571917
"X6201713433",0.122106266714027
"X6201713435",0.149983560219056
"X6201713436",0.126324646211684
"X6201713437",0.116007677811402
"X6201713438",0.138195009350836
"X6201713440",0.118906459195893
"X6201713441",0.119435473146449
"X6201713444",0.118660058785189
"X6201713445",0.122867641655735
"X6201713447",0.849161558264292
"X6201713448",0.110054436481267
"X6201713449",0.13023515149066
"X6201713450",0.76392972488771
"X6201713451",0.126301298318339
"X6201713453",0.134540885179753
"X6201713454",0.145258091667731
"X6201713455",0.119176015515977
"X6201713458",0.116262604303632
"X6201713459",0.128614311598105
"X6201713460",0.115929658996261
"X1201712308",0.0992819539302593
"X1201712309",0.12002053597815
"X1201712310",0.135875616655603
"X1201712311",0.672784683113325
"X1201712312",0.121331667901349
"X6201713462",0.121749612655849
"X6201713463",0.120612137526076
"X6201713464",0.122008902620187
"X6201713467",0.121926711352909
"X6201713470",0.119351045084153
"X6201713471",0.120327143421644
"X6201713472",0.116961653671955
"X6201713473",0.780634975091496
"X6201713474",0.141469074135019
"X6201713475",0.123357140838337
"X6201713478",0.122784941287457
"X6201713479",0.149454003185237
"X6201713480",0.130699759406662
"X6201713490",0.79458548954065
"X6201713494",0.106724744629623
"X6201713497",0.116308206155032
"X6201713498",0.785050579876226
"X6201713500",0.129033917232495
"X6201713523",0.116932759652467
"X6201713525",0.118448686044975
"X6201713526",0.801859976396525
"X6201713529",0.126414118303874
"X6201713530",0.123497565700079
"X6201713531",0.147527231960597
"X6201713532",0.116677327863437
"X6201713533",0.127886310505689
"X6201714767",0.120163173283937
"X6201716163",0.837085339259363
"X6201716245",0.789023098636333
"X6201716248",0.12365473719512
"X6201716251",0.866734962475311
"X1201712313",0.115668522912316
"X1201712315",0.117451988818703
"X1201712316",0.118933018205726
"X1201712317",0.115606397845238
"X1201712319",0.106811815347595
"X6201716252",0.83748582545194
"X6201716254",0.125641320173543
"X6201716256",0.821858482202358
"X6201716258",0.120025751725399
"X6201716259",0.125889402641575
"X6201716262",0.126740707234174
"X6201716263",0.828820333346894
"X6201716264",0.120886069510327
"X6201716266",0.128856162153879
"X6201716268",0.123466793473235
"X6201716271",0.130725456546606
"X6201716275",0.132644041917112
"X6201716278",0.120201181362296
"X6201716279",0.125865569478424
"X6201716287",0.126500328506546
"X6201716290",0.129598436979363
"X6201716292",0.836579201871243
"X6201716295",0.118751928738255
"X6201716296",0.12309311387505
"X6201716301",0.128697926947241
"X6201716309",0.121585005796406
"X6201716310",0.121491391192488
"X6201716314",0.118823202551413
"X6201716317",0.12799565862255
"X6201716318",0.131747651383467
"X6201716320",0.855328523046711
"X6201716321",0.864306073813815
"X6201716322",0.1150559737966
"X6201716323",0.108264706183371
"X6201716327",0.125691020995722
"X6201716328",0.844266569898797
"X6201716330",0.121447512016636
"X6201716333",0.870564311459201
"X1201712321",0.847125520389966
"X1201712325",0.121913869778402
"X1201712326",0.122482151985026
"X1201712327",0.120758987521276
"X1201712328",0.175130222255347
"X6201716334",0.131045624272684
"X6201716336",0.797844268527884
"X6201716337",0.14808021373389
"X6201716341",0.123812810055757
"X6201716343",0.12405303498383
"X6201716344",0.804505588365058
"X6201716347",0.124530364227293
"X6201716350",0.123606247900717
"X6201716353",0.130225108613352
"X6201716355",0.125028002051124
"X6201716356",0.126063342248144
"X6201716357",0.123727868359409
"X6201716358",0.126545473863153
"X6201716359",0.80512773434743
"X6201716360",0.826100803499566
"X6201716365",0.136780451902037
"X7201713422",0.128686954682444
"X7201713439",0.11983685911695
"X7201713495",0.124809747312883
"X7201713496",0.135478031159686
"X7201713499",0.123739978811596
"X7201714104",0.116438170169112
"X7201714109",0.146588221839735
"X7201714112",0.128015888456021
"X1201710355",0.120136393519505
"X1201710356",0.846944360824041
"X1201710357",0.152241888121003
"X1201710358",0.120626267045433
"X1201710362",0.123407417231781
"X7201714121",0.109117830019181
"X7201714123",0.115025395931493
"X7201714124",0.119832016501075
"X7201714128",0.113340648633374
"X7201714134",0.110988894567798
"X1201712329",0.119555109072322
"X1201712330",0.112610785224897
"X1201712331",0.123379754216258
"X1201712333",0.123434245591175
"X1201712334",0.81759473318811
"X1201712335",0.122317598155474
"X1201712338",0.824931344167914
"X1201712339",0.126529320779328
"X1201712341",0.118785419318261
"X1201712345",0.119759123177128
"X1201712347",0.90700532416652
"X1201712349",0.131220153135582
"X1201712350",0.118635018618881
"X1201712351",0.121921656245571
"X1201712352",0.118071313785124
"X1201712353",0.11832574239257
"X1201712355",0.138422670151996
"X1201712357",0.118482578246221
"X1201712358",0.124917709033297
"X1201712359",0.122432963495086
"X1201712361",0.826543773664178
"X1201712362",0.124079482600318
"X1201712363",0.127512896554277
"X1201712365",0.125053167686198
"X1201712366",0.118283962572563
"X1201712367",0.121030123391273
"X1201712369",0.121632374979245
"X1201712371",0.119126749790875
"X1201712372",0.11762238357422
"X1201712373",0.12072439772835
"X1201712374",0.11780035307566
"X1201712376",0.120731574066938
"X1201712377",0.120899369419031
"X1201712378",0.122374732399698
"X1201712379",0.124079517315966
"X1201712380",0.161182555618575
"X1201712381",0.170905487143193
"X1201712384",0.136033322863525
"X1201712385",0.129806547546973
"X1201712388",0.120895981719425
"X1201712389",0.117231650769616
"X1201712390",0.120669866347115
"X1201712391",0.1269702155882
"X1201712393",0.119475013983585
"X1201712394",0.851422754180776
"X1201712395",0.825621072256083
"X1201712396",0.116584889219563
"X1201712397",0.11866835577274
"X1201712398",0.117213290341993
"X1201710364",0.120954234216734
"X1201710365",0.835177935112125
"X1201710369",0.129738029620128
"X1201710373",0.126589260773051
"X1201710386",0.132287211763272
"X1201712399",0.116467481897093
"X1201712407",0.117605360078205
"X1201712412",0.15536903622593
"X1201712413",0.125067953688615
"X1201712415",0.114349560846877
"X1201712416",0.111205455159593
"X1201712417",0.116339412038519
"X1201712419",0.114830323947397
"X1201712420",0.106694154128762
"X1201712421",0.122928416596651
"X1201712422",0.142054283329811
"X1201712425",0.119639160924905
"X1201712432",0.351003268199897
"X1201712433",0.286426128149705
"X1201712435",0.131544537722723
"X1201712434",0.119163538407448
"X1201712436",0.129901793532417
"X1201712437",0.134434796883729
"X1201712438",0.114861895876428
"X1201712439",0.251437081349328
"X1201712440",0.128219298887126
"X1201712441",0.13265895539887
"X1201712444",0.855515869214465
"X1201712445",0.813785949104573
"X1201712446",0.12081629707142
"X1201712447",0.398605317523219
"X1201712449",0.118472235062805
"X1201712448",0.122208752331049
"X1201712452",0.119809953286444
"X1201712453",0.122526746613602
"X1201712455",0.137009316476309
"X1201712454",0.134714098180197
"X1201712457",0.794542586017403
"X1201712458",0.106605230734802
"X1201712459",0.119504012006464
"X1201712460",0.116262767690065
"X1201712461",0.124973190730021
"X1201712463",0.833358019314698
"X1201712464",0.109020214971076
"X1201712465",0.123035819922138
"X1201712470",0.128603577593832
"X1201712471",0.12659298134155
"X1201712472",0.818794132119306
"X1201712473",0.831054080940331
"X1201712478",0.110390384348984
"X1201712479",0.118296454934802
"X1201712480",0.819664496153916
"X1201712481",0.725891225349784
"X1201712485",0.106908153628388
"X1201710387",0.123430752801914
"X1201710388",0.121391261184253
"X1201710390",0.84021205506605
"X1201710393",0.774570841981921
"X1201712487",0.117829794700619
"X1201712490",0.123602175189727
"X1201712493",0.121090363490416
"X1201712494",0.817285868969585
"X1201712495",0.122146786299588
"X1201712497",0.12260375789958
"X1201712501",0.124450949114943
"X1201712500",0.124282507273675
"X1201712502",0.117628757282333
"X1201712503",0.109383346237122
"X1201712504",0.11600720978555
"X1201712505",0.111328646545932
"X1201712507",0.118066605076592
"X1201712508",0.815473505031828
"X1201712509",0.152261170664895
"X1201712510",0.820654746767646
"X1201712511",0.122966114572849
"X1201712513",0.111460926277974
"X1201712514",0.122147999267049
"X1201712516",0.112938304385826
"X1201712517",0.117414371433509
"X1201712518",0.124027970024142
"X1201712520",0.12566184139141
"X1201712521",0.123947365756902
"X1201712525",0.117430227858554
"X1201712528",0.117933239815356
"X1201712529",0.122064687547974
"X1201712530",0.779819638611647
"X1201712531",0.123038796666145
"X1201712535",0.11866138142859
"X1201712538",0.122224183221627
"X1201712539",0.137774684935132
"X1201712540",0.109592779125575
"X1201712541",0.124150919477148
"X1201712542",0.130148228598275
"X1201712543",0.118757822128144
"X1201712544",0.109196342441025
"X1201712545",0.121272492963856
"X1201712546",0.116628282086231
"X1201712551",0.136449260125574
"X1201712552",0.331037311630456
"X1201712553",0.116911086635105
"X1201712554",0.116548129699768
"X1201712555",0.120957101868506
"X1201712556",0.122930016480783
"X1201712558",0.121095165970713
"X1201712560",0.120753243980556
"X1201712566",0.118810239504275
"X1201712568",0.12289826228505
"X1201710394",0.127896223052331
"X1201710400",0.104369016723831
"X1201710402",0.121232646789946
"X1201710404",0.115101286042295
"X1201710405",0.814281365778391
"X1201712569",0.118801616279729
"X1201712570",0.125718070452795
"X1201712571",0.122007620704325
"X1201712604",0.144396568224652
"X1201712606",0.118902022226393
"X1201712608",0.117051096121
"X1201712610",0.121026767684579
"X1201712612",0.116847449849781
"X1201712613",0.10447016518095
"X1201712615",0.112569358435948
"X1201712616",0.834848130843637
"X1201712617",0.108717671379251
"X1201712618",0.115945933485199
"X1201712619",0.111079028223557
"X1201712620",0.11822932257175
"X1201712621",0.111318804756029
"X1201712623",0.115970749447342
"X1201712624",0.11403550776035
"X1201712625",0.124140896484726
"X1201712627",0.163413038269516
"X1201712629",0.118501513735514
"X1201712630",0.136939849965151
"X1201712631",0.119827457858179
"X1201712632",0.122139881355207
"X1201712633",0.119734351799134
"X1201712634",0.122477543021913
"X1201712635",0.121412452114199
"X1201712636",0.11233881746776
"X1201712637",0.122521515203561
"X1201712638",0.122328341350867
"X1201712639",0.12590921682102
"X1201712641",0.125010308916332
"X1201712643",0.784521551043001
"X1201712646",0.117445927475367
"X1201712647",0.111563324106371
"X1201712648",0.12556350007177
"X1201712649",0.123189396628006
"X1201712654",0.126089643955836
"X1201712655",0.129811840133621
"X1201712656",0.122585865123427
"X1201712657",0.122678765692448
"X1201712659",0.112681239478254
"X1201712662",0.121777779025988
"X1201712663",0.122721895029159
"X1201712666",0.111989668222326
"X1201712669",0.141146841013772
"X1201712670",0.122868615739342
"X1201712672",0.124520080703535
"X1201712673",0.821629392057145
"X1201710407",0.123760907853275
"X1201710410",0.818806007401952
"X1201710412",0.122728663780247
"X1201710413",0.831527158070667
"X1201712674",0.110675755130092
"X1201712675",0.112826235892187
"X1201712676",0.238586524033633
"X1201712677",0.871920208451358
"X1201712678",0.120791398651751
"X1201712679",0.122984364331487
"X1201712680",0.116779778881501
"X1201712681",0.807929394722989
"X1201712682",0.116285555029001
"X1201712683",0.121251745606743
"X1201712685",0.874189575588116
"X1201712687",0.118431543022127
"X1201712688",0.831703420925397
"X1201712689",0.118354852320212
"X1201712690",0.122148429489109
"X1201712691",0.122497667155383
"X1201712692",0.108070321383806
"X1201712693",0.120798419014818
"X1201712694",0.114622759452965
"X1201712695",0.122424057366057
"X1201712696",0.126230935885909
"X1201712698",0.124705231346337
"X1201712699",0.125680694768923
"X1201712700",0.954451230222532
"X1201712701",0.12834370333828
"X1201712703",0.125228616243347
"X1201712704",0.120006362020364
"X1201712705",0.115711477629681
"X1201712707",0.116476985607762
"X1201712708",0.117718962935076
"X1201712709",0.124033321727319
"X1201712710",0.116128431674077
"X1201712711",0.138972171430104
"X1201712712",0.121062376289764
"X1201712713",0.120663478877179
"X1201712714",0.122174392706793
"X1201712715",0.117497109416965
"X1201712716",0.119340266582448
"X1201712718",0.115573225127381
"X1201712719",0.123204150793046
"X1201712720",0.125974710267733
"X1201712723",0.779730453355057
"X1201712724",0.123172421132985
"X1201712726",0.117679507163883
"X1201712727",0.122068922221749
"X1201712728",0.130457259008576
"X1201712729",0.118040355942174
"X1201712731",0.114070184090845
"X1201712732",0.818590827154153
"X1201712733",0.119564037736477
"X1201712736",0.131009726012118
"X1201712738",0.133834004493451
"X1201712741",0.123082183529731
"X1201712744",0.126253271618453
"X1201712748",0.119836800706309
"X1201712749",0.117356647834342
"X1201712753",0.128886214440836
"X1201712755",0.115439380824326
"X1201712758",0.120972099293892
"X1201712759",0.132376019737557
"X1201712760",0.120613242055987
"X1201712762",0.123212210366884
"X1201712764",0.117527607767228
"X1201712766",0.117676080639966
"X1201712767",0.120224590185985
"X1201712768",0.127642099189543
"X1201712769",0.125297378288538
"X1201712770",0.124237157462645
"X1201712772",0.125557487567721
"X1201712773",0.115149570153972
"X1201712775",0.120969689117811
"X1201712776",0.120982920700283
"X1201712778",0.120309274025508
"X1201712781",0.116252187312666
"X1201712782",0.117711255834577
"X1201712784",0.129273315390199
"X1201712785",0.123819262226938
"X1201712787",0.129747817908057
"X1201712788",0.807934518462327
"X1201712789",0.122593174966749
"X1201712793",0.127899276030279
"X1201712796",0.127873606284581
"X1201712797",0.10829969632666
"X1201712798",0.770071341673143
"X1201712799",0.25961055429063
"X1201712800",0.104521685598456
"X1201712801",0.117298245402575
"X1201712802",0.114854519477945
"X1201712803",0.122053953086891
"X1201712804",0.44300767364497
"X1201712806",0.825381494782652
"X1201712808",0.108110336512997
"X1201712812",0.857946538806832
"X1201712815",0.122009862368831
"X1201712817",0.87788525378842
"X1201712818",0.105985359496944
"X1201712821",0.115988347622641
"X1201712824",0.117488071933943
"X1201712826",0.11544841727955
"X1201712827",0.834369679075737
"X1201710427",0.127445710726051
"X1201710429",0.112362818202174
"X1201710443",0.134459032844832
"X1201710450",0.126692154666189
"X1201710455",0.121268438477358
"X1201712829",0.130257533842296
"X1201712832",0.119047162256439
"X1201712833",0.111841459646541
"X1201712834",0.118955775389746
"X1201712837",0.80750301755522
"X1201712840",0.793479657950451
"X1201712841",0.120813476940462
"X1201712842",0.108050286916947
"X1201712843",0.0938025439877647
"X1201712845",0.124220524068574
"X1201712846",0.814234701633321
"X1201712847",0.120587735110357
"X1201712848",0.110998972679435
"X1201712850",0.109941959991522
"X1201712851",0.124542878515693
"X1201712853",0.110977035173078
"X1201712858",0.118024710402036
"X1201712860",0.143109368089315
"X1201712863",0.19236024827202
"X1201712864",0.866349645661048
"X1201712866",0.117527044908844
"X1201712868",0.820838173548352
"X1201712869",0.79182008134437
"X1201712873",0.106530293394431
"X1201712874",0.825122277447635
"X1201712875",0.83673104663708
"X1201712876",0.108085230081505
"X1201712877",0.113594955333306
"X1201712878",0.117440761344341
"X1201712879",0.112034505300257
"X1201712880",0.119734541179084
"X1201712881",0.782773191028078
"X1201712882",0.110403551339708
"X1201712883",0.795736760967794
"X1201712885",0.126152122452466
"X1201712886",0.758354061483952
"X1201712887",0.12007463988748
"X1201712888",0.825096616946752
"X1201712889",0.112915314323701
"X1201712891",0.125418584649674
"X1201710273",0.1238882995451
"X1201710274",0.8160276772862
"X1201710276",0.817876695266191
"X1201710280",0.12705945990816
"X1201710288",0.115328711083037
"X1201712892",0.113663344852621
"X1201712895",0.1121496982124
"X1201713097",0.124751546733876
"X1201713100",0.116623165573582
"X1201713106",0.116776799915188
"X1201713115",0.1224500737754
"X1201713116",0.130354646181728
"X1201713117",0.122440276451726
"X1201713123",0.121903757162657
"X1201713124",0.123210364464401
"X1201710456",0.823719278125293
"X1201710471",0.160353844184055
"X1201710475",0.134005512801037
"X1201710481",0.810659396752409
"X1201713128",0.115212448046403
"X1201713129",0.80333975407797
"X1201713134",0.119722405353398
"X1201713135",0.132500177297995
"X1201713136",0.11863221004082
"X1201713138",0.111026889348569
"X1201713140",0.135250507592323
"X1201713141",0.118133385170507
"X1201713146",0.127098600760087
"X1201713150",0.116786628241225
"X1201713159",0.121920419616366
"X1201713164",0.121105854654129
"X1201713165",0.109799987678788
"X1201713167",0.117305810646147
"X1201713168",0.124348662329679
"X1201713200",0.137466268425379
"X1201713201",0.131750850381742
"X1201713204",0.110207589449662
"X1201713206",0.12306964807042
"X1201713217",0.133415295314786
"X1201713218",0.122068403871068
"X1201713219",0.125001966785017
"X1201713220",0.125871139949415
"X1201713222",0.147716088106563
"X1201713223",0.121524066997647
"X1201713224",0.11740877033908
"X1201713229",0.120553574619637
"X1201713230",0.107967245962911
"X1201713231",0.13243117226577
"X1201713232",0.124660676079647
"X1201713233",0.129045772333045
"X1201713234",0.130977494616584
"X1201713235",0.847462962816476
"X1201713236",0.119838161826159
"X1201713238",0.141931366499798
"X1201713239",0.125573844789047
"X1201713240",0.116667720357878
"X1201713242",0.768300317249911
"X1201713243",0.117025821334117
"X1201713245",0.110073500486812
"X1201713247",0.116605583560978
"X1201713249",0.124843961080448
"X1201713250",0.834027025564476
"X1201713251",0.1236075802271
"X1201713252",0.815745460122941
"X1201713254",0.110507548686656
"X1201713255",0.10666284856724
"X1201713256",0.135286637004779
"X1201713258",0.123847726790105
"X1201713259",0.125278688379568
"X1201710484",0.851323543841109
"X1201710486",0.107268156547127
"X1201710487",0.108595623302843
"X1201710489",0.11948559430812
"X1201710490",0.122766784531167
"X1201713260",0.12906352404458
"X1201713261",0.131120635665776
"X1201713264",0.124495776103342
"X1201713268",0.118158325540245
"X1201713269",0.12532679663712
"X1201713278",0.116739365194626
"X1201713279",0.838802654751161
"X1201713281",0.135712955037651
"X1201713290",0.833514337324338
"X1201713296",0.810624649895765
"X1201713297",0.79397818670311
"X1201713299",0.123107585486253
"X1201713301",0.137304936885896
"X1201713304",0.121814190050334
"X1201713305",0.107589401268398
"X1201713307",0.118987432457565
"X1201713309",0.1046446605627
"X1201713310",0.128828381315022
"X1201713313",0.130205421277207
"X1201713319",0.108128190325448
"X1201713320",0.126125353375175
"X1201713324",0.118263162389956
"X1201713327",0.802205424292181
"X1201713329",0.833756629926501
"X1201713331",0.801574922282598
"X1201713336",0.118346735136777
"X1201713340",0.127330119340511
"X1201713344",0.103011729961526
"X1201713345",0.103223397027735
"X1201713346",0.114543542176001
"X1201713347",0.12639781487496
"X1201713350",0.126334771448099
"X1201713352",0.829545981222113
"X1201713354",0.12353733590729
"X1201713353",0.816356141704362
"X1201713355",0.134763220901235
"X1201713358",0.106846182756011
"X1201713359",0.122556758958949
"X1201713361",0.819873621118642
"X1201713362",0.125481508363542
"X1201713363",0.11087705409587
"X1201713364",0.830048022512434
"X1201713366",0.122162646946532
"X1201713369",0.807392033862188
"X1201713371",0.830595193317996
"X1201713372",0.150516513075611
"X1201713373",0.869288725130671
"X1201713374",0.795466462617839
"X1201713376",0.804235818915001
"X1201713377",0.118221624706692
"X1201710493",0.121712438672198
"X1201710498",0.809555686930141
"X1201710500",0.136943853080048
"X1201710502",0.115586559464974
"X1201710504",0.229188118444562
"X1201713388",0.841962016165115
"X1201713389",0.120507333507694
"X1201713390",0.123861856322405
"X1201713393",0.129754091525707
"X1201713394",0.11470339380041
"X1201713399",0.125007634394665
"X1201713400",0.125580118916785
"X1201713402",0.860684765174463
"X1201713404",0.115529379309741
"X1201713407",0.120387031848289
"X1201713409",0.11779408159408
"X1201713411",0.131104402020059
"X1201713416",0.114964259505861
"X1201713418",0.11065423411446
"X1201713428",0.129634214474286
"X1201713434",0.124424793376569
"X1201713443",0.793232764558712
"X1201713446",0.117795390776744
"X1201713452",0.113390609577834
"X1201713456",0.857572691046454
"X1201713461",0.124053122632819
"X1201713466",0.123422881993726
"X1201713468",0.130317510846512
"X1201713476",0.120677971240959
"X1201713481",0.824104300376308
"X1201713483",0.112996766048026
"X1201713491",0.11663285844081
"X1201713508",0.129962178293592
"X1201713511",0.105018393393467
"X1201713512",0.131371608377327
"X1201713519",0.122603636562328
"X1201713522",0.122372578442188
"X1201713528",0.145843090444653
"X1201713534",0.130582266583224
"X1201710506",0.121519473789667
"X1201710507",0.122977159022501
"X1201710514",0.832075959346788
"X1201710517",0.12115205397502
"X1201710520",0.120169896016958
"X1201713597",0.132241253677207
"X1201713598",0.11119398629305
"X1201713600",0.794760228860271
"X1201713601",0.12201666731419
"X1201713604",0.111570167380208
"X1201713607",0.131422770576132
"X1201713609",0.82696083057328
"X1201713611",0.119999902001443
"X1201713612",0.115956485543551
"X1201713614",0.126196245487827
"X1201713616",0.170152068784489
"X1201713617",0.11604117334167
"X1201713618",0.111119695000169
"X1201713619",0.126496323189254
"X1201713620",0.132952703196196
"X1201713624",0.124896234854357
"X1201713626",0.859178834129426
"X1201713627",0.116244860624612
"X1201713628",0.11151311665086
"X1201713629",0.123502802467377
"X1201713630",0.115682459902366
"X1201713631",0.125854379878698
"X1201713632",0.12369415661803
"X1201713633",0.114069863320561
"X1201713634",0.109974023420161
"X1201713635",0.79453164880853
"X1201713636",0.115480320173104
"X1201713638",0.10580596265965
"X1201713640",0.166527837749622
"X1201713641",0.120891910381094
"X1201713642",0.116966562921726
"X1201713643",0.102654234190673
"X1201713644",0.130642667176386
"X1201713645",0.113330423417888
"X1201713646",0.113691447666027
"X1201713648",0.130255593777793
"X1201713650",0.110460187340213
"X1201713654",0.114189341771257
"X1201713655",0.111471458982377
"X1201713656",0.810756626248361
"X1201713657",0.114976956273151
"X1201713662",0.115304883461293
"X1201713664",0.105339871121004
"X1201713665",0.106318371766171
"X1201713666",0.113873786841683
"X1201713668",0.845834657685097
"X1201713671",0.807547993916062
"X1201713673",0.109866126705375
"X1201713675",0.120230681787335
"X1201713677",0.120218435076828
"X1201710525",0.846864229242317
"X1201710528",0.136170029613724
"X1201710535",0.835257261174361
"X1201710536",0.126120550837952
"X1201710540",0.127958527917056
"X1201713678",0.128818338544922
"X1201713679",0.0979471337343543
"X1201713680",0.149289351151649
"X1201713682",0.112007140237889
"X1201713688",0.829978010339712
"X1201713690",0.118442348966803
"X1201713691",0.126326272885505
"X1201713694",0.11078767892103
"X1201713696",0.122203016703276
"X1201713697",0.776974806578937
"X1201713698",0.113658536849533
"X1201713700",0.106980489087227
"X1201713701",0.115531620571515
"X1201713705",0.797898698153248
"X1201713706",0.120995484364951
"X1201713708",0.12041182637002
"X1201713709",0.781976207317256
"X1201713710",0.115488085079876
"X1201713711",0.110550016253748
"X1201713712",0.111862712281581
"X1201713714",0.182677564853545
"X1201713718",0.863976827888823
"X1201713719",0.10985315782103
"X1201713720",0.112340130343861
"X1201713721",0.80699316102117
"X1201713722",0.121783561626498
"X1201713723",0.125060031559288
"X1201713724",0.115298917043609
"X1201713725",0.123479322662103
"X1201713726",0.116544227792291
"X1201713728",0.122931617173701
"X1201713729",0.108623571047476
"X1201713730",0.117248464158531
"X1201713731",0.118672747720283
"X1201713732",0.783791342165125
"X1201713733",0.113943540562707
"X1201713734",0.108718361835274
"X1201713735",0.833552090412124
"X1201713736",0.116560160468354
"X1201713737",0.114407612157326
"X1201713738",0.118141130089532
"X1201713739",0.111358645014684
"X1201713743",0.117607378048262
"X1201713744",0.133201852456066
"X1201713746",0.110653379124878
"X1201713750",0.839592417171886
"X1201713753",0.112981462403721
"X1201713754",0.844674221204088
"X1201713756",0.10844252038839
"X1201713757",0.118649109397513
"X1201710543",0.116595756078181
"X1201710548",0.141060003561915
"X1201710549",0.118481249355051
"X1201710551",0.122018327676917
"X1201710553",0.120367447944045
"X1201713759",0.107948649100209
"X1201713761",0.108705194980028
"X1201713762",0.123796072582696
"X1201713765",0.126210508104723
"X1201713766",0.118979413604167
"X1201713767",0.106241292898675
"X1201713770",0.122996792347653
"X1201713771",0.105788891248638
"X1201713772",0.125980874345504
"X1201713774",0.131467873916443
"X1201713775",0.117907105685612
"X1201713777",0.814289715367598
"X1201713781",0.790634307001633
"X1201713782",0.7733527720327
"X1201713784",0.106209937073351
"X1201713786",0.109147172880809
"X1201713787",0.10668629562824
"X1201713789",0.11289191691244
"X1201713790",0.120265948978791
"X1201713791",0.122187748537503
"X1201713793",0.127106936231567
"X1201713794",0.125180440162471
"X1201713795",0.121530498852587
"X1201713796",0.113497282131404
"X1201713797",0.872450416896309
"X1201713799",0.112555302687444
"X1201713800",0.125662724454403
"X1201713801",0.121137684910877
"X1201713802",0.348530979435958
"X1201713804",0.810385667462791
"X1201713805",0.116554398529671
"X1201713806",0.810874554557042
"X1201713807",0.11826113093039
"X1201713809",0.114432507423077
"X1201713812",0.115149379404607
"X1201713813",0.120034332725358
"X1201713839",0.124009068482523
"X1201713868",0.119583578123953
"X1201713869",0.115387858976887
"X1201713871",0.123345513028092
"X1201713873",0.115443611023414
"X1201713878",0.870658058134097
"X1201713879",0.911911910461053
"X1201713881",0.872762318889752
"X1201713882",0.888117954494675
"X1201713883",0.122464314045647
"X1201713887",0.110355624896949
"X1201713889",0.110226599106045
"X1201710555",0.117610793138706
"X1201710557",0.127881631428021
"X1201710558",0.133344618259239
"X1201710559",0.129893925185992
"X1201713890",0.115577055163966
"X1201713895",0.115257588845703
"X1201713896",0.107353154550119
"X1201713897",0.112108484290635
"X1201713911",0.109876986656788
"X1201713917",0.118084632295411
"X1201713945",0.114918563882386
"X1201713946",0.1032915024912
"X1201713947",0.123494286841714
"X1201713949",0.843802624401631
"X1201713950",0.110110776424307
"X1201713951",0.125100434712803
"X1201713952",0.794763001937969
"X1201713954",0.105750264995125
"X1201713955",0.113107963346656
"X1201713956",0.116717111388214
"X1201713957",0.828732521466968
"X1201713958",0.116438952983717
"X1201713959",0.106330509919226
"X1201713960",0.776992251630858
"X1201713961",0.14233969572154
"X1201713962",0.119086970829083
"X1201713966",0.105089882970651
"X1201713967",0.83835062918532
"X1201713968",0.121521347528198
"X1201713969",0.112274069393802
"X1201713974",0.138490086939752
"X1201713975",0.111170313440179
"X1201713976",0.129415123585179
"X1201713977",0.795155926300146
"X1201713978",0.123584084732431
"X1201713979",0.121452971279553
"X1201713981",0.837294714259635
"X1201713982",0.112278693847384
"X1201713983",0.840099091900512
"X1201713985",0.130866457203753
"X1201713986",0.124167521358031
"X1201713987",0.114225498389101
"X1201713988",0.123125253622482
"X1201713989",0.127016151057312
"X1201713990",0.768350651024249
"X1201713992",0.114178805563471
"X1201713993",0.14102480261135
"X1201713994",0.124902535579833
"X1201713995",0.124383544108871
"X1201713996",0.115389856793663
"X1201713997",0.117405437500853
"X1201713999",0.145848394221955
"X1201714004",0.780076819250381
"X1201714005",0.127283758582387
"X1201710563",0.112125094998689
"X1201710564",0.121581706905055
"X1201710566",0.107832697646844
"X1201710570",0.121942190093965
"X1201710582",0.838793201662435
"X1201714007",0.121008618302039
"X1201714008",0.113183604408689
"X1201714013",0.116006262821106
"X1201714014",0.128805781445275
"X1201714015",0.122471943940792
"X1201714016",0.111826312304408
"X1201714018",0.110444902218609
"X1201714019",0.116771913048112
"X1201714020",0.114917156542811
"X1201714022",0.135417384489167
"X1201714023",0.120010020446599
"X1201714024",0.113609181319869
"X1201714031",0.106190103958268
"X1201714045",0.13056955572391
"X1201714047",0.130110221021253
"X1201714049",0.119714639051888
"X1201714052",0.83430605568474
"X1201714053",0.123802383415136
"X1201714055",0.119180755124507
"X1201714057",0.149917826624432
"X1201714058",0.126558580025253
"X1201714059",0.873947452704875
"X1201714060",0.810659047596399
"X1201714061",0.125403890121155
"X1201714062",0.127198844585283
"X1201714063",0.130543499016467
"X1201714064",0.827991512493305
"X1201714065",0.123203084731342
"X1201714066",0.123843906375171
"X1201714068",0.127373778545046
"X1201714069",0.147035043389002
"X1201714070",0.810556568228663
"X1201714071",0.126826591009686
"X1201714074",0.12691934319167
"X1201714075",0.124967992042107
"X1201714076",0.121619728376278
"X1201714077",0.143451449558648
"X1201714078",0.861156351020613
"X1201714079",0.123752638693073
